{
  "network_type": "Full Scottish drone delivery network",
  "links": {
    "(34,199)": 0.8968218105312257,
    "(33,185)": 0.8468103882851609,
    "(1,179)": 0.8545542928727484,
    "(47,182)": 0.9236818198006915,
    "(1,87)": 0.8106403697667406,
    "(53,199)": 0.7925015091773201,
    "(28,192)": 0.8814896853022751,
    "(36,183)": 0.7969845157415423,
    "(34,194)": 0.8251102153961148,
    "(1,154)": 0.8551596491908553,
    "(4,185)": 0.9155403719148616,
    "(1,68)": 0.8369161584596772,
    "(34,185)": 0.8339924441528003,
    "(32,199)": 0.9351596453233715,
    "(33,199)": 0.8501927015570371,
    "(32,194)": 0.8106385068292526,
    "(26,193)": 0.7687409202806207,
    "(32,198)": 0.8773798020613801,
    "(46,182)": 0.8838141190081231,
    "(49,182)": 0.8422043344569173,
    "(1,98)": 0.7885080631099668,
    "(14,187)": 0.821524509547414,
    "(1,83)": 0.8056809644673659,
    "(28,183)": 0.8406336497029248,
    "(1,166)": 0.7952233584164016,
    "(1,177)": 0.9094140370536532,
    "(1,3)": 0.8107819084875066,
    "(35,180)": 0.7949808652249115,
    "(1,164)": 0.770160814286546,
    "(41,188)": 0.8115212092947934,
    "(1,64)": 0.8142914285337366,
    "(1,67)": 0.8553716325420921,
    "(2,188)": 0.8051135024524728,
    "(1,42)": 0.8029160550202686,
    "(44,183)": 0.8058748695672961,
    "(2,198)": 0.900009203888812,
    "(40,189)": 0.8170139295909308,
    "(33,197)": 0.8613896451362606,
    "(54,199)": 0.7915414035702074,
    "(41,181)": 0.8430234854995958,
    "(1,4)": 0.7858855222419426,
    "(50,182)": 0.814561957250564,
    "(42,189)": 0.7877048412117371,
    "(48,182)": 0.9019258962313432,
    "(31,185)": 0.8248489817332065,
    "(53,182)": 0.8157840442970581,
    "(38,182)": 0.7832827438300374,
    "(54,180)": 0.7913799428227508,
    "(36,181)": 0.8361038066506487,
    "(1,105)": 0.8079956953667247,
    "(1,71)": 0.9128178789692072,
    "(41,183)": 0.8147695323716678,
    "(46,199)": 0.7964343839224208,
    "(2,196)": 0.8945130925669541,
    "(39,189)": 0.8174107773125746,
    "(55,182)": 0.8697170411858871,
    "(1,173)": 0.8187117102558783,
    "(38,189)": 0.8110786765038511,
    "(31,195)": 0.839157582478243,
    "(1,76)": 0.8214743375768188,
    "(1,163)": 0.8064679053666418,
    "(18,190)": 0.8312904551336376,
    "(1,43)": 0.8540657132641741,
    "(1,39)": 0.7977756746059556,
    "(51,182)": 0.8810455181639097,
    "(52,182)": 0.8371971817007353,
    "(4,188)": 0.8632169378392277,
    "(1,92)": 0.7954859102728871,
    "(1,107)": 0.8148156833699232,
    "(1,36)": 0.7481927688428833,
    "(3,184)": 0.777420423736904,
    "(51,181)": 0.7940805511475943,
    "(23,193)": 0.9184143962150723,
    "(2,197)": 0.792319174432762,
    "(33,195)": 0.8752606489619867,
    "(2,180)": 0.9170680014202005,
    "(1,155)": 0.8181694188899767,
    "(37,189)": 0.817573417388965,
    "(1,82)": 0.7869104211281255,
    "(31,197)": 0.8108100505434117,
    "(1,37)": 0.7722876245491147,
    "(1,156)": 0.8469923170063872,
    "(1,152)": 0.813181104369635,
    "(5,186)": 0.925011871983964,
    "(33,196)": 0.9044088117977115,
    "(35,196)": 0.8067679809999483,
    "(42,182)": 0.773037022804933,
    "(30,199)": 0.8976230286184168,
    "(1,93)": 0.7983160880957328,
    "(34,196)": 0.8696785261855167,
    "(1,158)": 0.807466440166111,
    "(34,182)": 0.7901937712871712,
    "(1,167)": 0.8341114579252519,
    "(50,181)": 0.8090255088580348,
    "(52,181)": 0.8235254183538558,
    "(32,196)": 0.8387684912681719,
    "(31,198)": 0.9096207041020935,
    "(28,184)": 0.7876638730194128,
    "(1,176)": 0.8608883774509121,
    "(41,184)": 0.8141324966495997,
    "(6,187)": 0.9134295237692485,
    "(35,197)": 0.7744999442934258,
    "(1,88)": 0.8179912201173044,
    "(32,195)": 0.8482554349183198,
    "(22,184)": 0.7805961081174374,
    "(1,63)": 0.8528652629919271,
    "(1,75)": 0.8250635531920923,
    "(27,192)": 0.8861026807359305,
    "(30,197)": 0.7929109247882263,
    "(30,198)": 0.8663692432717027,
    "(3,189)": 0.8024987128024874,
    "(35,198)": 0.8181576076185193,
    "(3,192)": 0.9193868136481534,
    "(22,192)": 0.7702843802788283,
    "(1,84)": 0.8315031634113541,
    "(1,81)": 0.8146355654661636,
    "(33,194)": 0.8416788587424703,
    "(19,191)": 0.8415175250006399,
    "(4,184)": 0.7582975035038912,
    "(43,181)": 0.8675431479416191,
    "(1,86)": 0.8156768311494795,
    "(1,73)": 0.825631948102586,
    "(9,198)": 0.7765999874809943,
    "(1,72)": 0.8459201910627608,
    "(1,171)": 0.9124769624199499,
    "(2,185)": 0.8099109599207229,
    "(9,195)": 0.8473077397012329,
    "(45,189)": 0.8040799458512712,
    "(30,196)": 0.8614567148561253,
    "(1,172)": 0.858526166034275,
    "(1,170)": 0.8039622930757798,
    "(1,74)": 0.8052973598537768,
    "(1,65)": 0.7964031164603766,
    "(34,184)": 0.7977377862364131,
    "(1,69)": 0.827562524594017,
    "(9,199)": 0.7927803937145235,
    "(9,196)": 0.7836929936590954,
    "(31,188)": 0.7960467388176837,
    "(33,188)": 0.8054498482950786,
    "(38,181)": 0.8708554379141326,
    "(36,189)": 0.8173850256541203,
    "(1,70)": 0.8998464391258517,
    "(37,183)": 0.8120329483144569,
    "(4,180)": 0.8604486346397213,
    "(1,168)": 0.8551316033398335,
    "(1,97)": 0.761482726824489,
    "(1,38)": 0.76309466279792,
    "(35,199)": 0.8783539323947104,
    "(4,196)": 0.8475193145661478,
    "(31,194)": 0.8322781905279983,
    "(35,195)": 0.8350693655636274,
    "(1,162)": 0.7898833401711638,
    "(34,198)": 0.8461994325098133,
    "(33,198)": 0.9089274981399253,
    "(1,106)": 0.8153169104350102,
    "(1,28)": 0.7734059200110956,
    "(2,195)": 0.8483146615739989,
    "(52,189)": 0.7647886667780858,
    "(56,199)": 0.7848913778820531,
    "(28,189)": 0.8186028284821761,
    "(1,174)": 0.8639767935789578,
    "(3,183)": 0.8570788398502153,
    "(1,100)": 0.8244245048049841,
    "(45,181)": 0.8048273080339536,
    "(1,80)": 0.7791191650487658,
    "(30,194)": 0.7833222908778732,
    "(43,188)": 0.7900580772792775,
    "(1,95)": 0.8131850604228952,
    "(1,161)": 0.8496908079571739,
    "(2,194)": 0.8573535495136493,
    "(1,94)": 0.7971629519481667,
    "(34,188)": 0.833580318455105,
    "(4,198)": 0.8753535403471023,
    "(1,41)": 0.8633507452482371,
    "(31,196)": 0.9078389820433957,
    "(39,183)": 0.7757533595742371,
    "(44,181)": 0.9074172554850517,
    "(1,160)": 0.8503040501017393,
    "(1,178)": 0.8769673121687013,
    "(1,175)": 0.8673146965721878,
    "(1,96)": 0.8018099669804915,
    "(1,99)": 0.8117850976636892,
    "(4,199)": 0.7930769255425916,
    "(1,44)": 0.8194420897879952,
    "(1,101)": 0.8002930285579168,
    "(31,199)": 0.894343034497818,
    "(1,102)": 0.7999050294106976,
    "(32,180)": 0.8110187229936301,
    "(30,180)": 0.8106281893614122,
    "(1,169)": 0.8047969861584892,
    "(9,197)": 0.789726686913352,
    "(1,66)": 0.8604540280646361,
    "(4,194)": 0.8951871417105547,
    "(43,183)": 0.7995826813816903,
    "(33,180)": 0.8791371186964924,
    "(37,181)": 0.9043652743668512,
    "(42,181)": 0.8902756515714202,
    "(44,189)": 0.85354212746869,
    "(1,90)": 0.8253600093456842,
    "(1,159)": 0.8054229068860299,
    "(1,157)": 0.8470613374972846,
    "(1,91)": 0.7520139193062512,
    "(43,189)": 0.8745769311713172,
    "(52,188)": 0.7866915350143636,
    "(1,89)": 0.8107364711162882,
    "(2,199)": 0.913030364274928,
    "(32,197)": 0.8037196031407807,
    "(31,180)": 0.8717939357973967,
    "(39,181)": 0.9012973627179709,
    "(1,103)": 0.758702911367483,
    "(17,190)": 0.9263982026946199,
    "(4,195)": 0.8236912749481992,
    "(40,181)": 0.8829824658145844,
    "(1,165)": 0.8044088480093898,
    "(54,182)": 0.8774555485262693,
    "(30,195)": 0.8549067028505417,
    "(43,184)": 0.7813035347047546,
    "(1,85)": 0.8066370932755527,
    "(41,189)": 0.8674966167263892,
    "(34,180)": 0.8589005545873717,
    "(4,197)": 0.8674193349839288
  },
  "data_type": "Float64",
  "distance_based": "Exponential decay with drone-specific parameters",