{
  "links": {
    "(2,8)": 0.8610002478495472,
    "(13,46)": 0.9343822830432236,
    "(2,17)": 0.9355396457666506,
    "(49,128)": 0.8595972139660314,
    "(32,66)": 0.894678268958331,
    "(21,79)": 0.8527037724140756,
    "(37,58)": 0.9334113370122072,
    "(49,134)": 0.885024195434395,
    "(19,30)": 0.9378403907960738,
    "(30,82)": 0.9151490863058236,
    "(13,37)": 0.8287572582034424,
    "(30,109)": 0.8905876612874303,
    "(7,33)": 0.8583240276168953,
    "(26,93)": 0.8515985354999049,
    "(14,30)": 0.906479442318391,
    "(2,18)": 0.8697454856788197,
    "(12,49)": 0.870415952593448,
    "(47,59)": 0.8575612519939573,
    "(15,21)": 0.8665668487123717,
    "(46,86)": 0.8981570708610652,
    "(17,31)": 0.7911656015310626,
    "(37,129)": 0.8730349320173362,
    "(35,89)": 0.9163423235981975,
    "(37,67)": 0.9346112295709409,
    "(10,44)": 0.936867590670351,
    "(28,107)": 0.8667240711921049,
    "(1,8)": 0.9456870449599772,
    "(35,101)": 0.85012187957982,
    "(45,150)": 0.8783609184542804,
    "(22,138)": 0.9163076072242385,
    "(12,29)": 0.9498241794745793,
    "(23,99)": 0.8508902969999879,
    "(16,37)": 0.9394595607998615,
    "(38,100)": 0.9348506451064184,
    "(14,23)": 0.9151096237324984,
    "(39,128)": 0.9317248071098043,
    "(24,65)": 0.8868722082438086,
    "(16,22)": 0.9096810724515205,
    "(28,51)": 0.9391222814515985,
    "(44,112)": 0.9063859011998341,
    "(49,70)": 0.8737688906645947,
    "(36,125)": 0.8612154719844092,
    "(46,63)": 0.8651679545051566,
    "(17,39)": 0.8003986184335838,
    "(27,102)": 0.9491836648320305,
    "(48,84)": 0.8871965434829252,
    "(48,90)": 0.8778562181780701,
    "(47,149)": 0.8990608891734445,
    "(43,51)": 0.9029553437492148,
    "(41,103)": 0.8585518318755424,
    "(45,105)": 0.8744895783875383,
    "(28,65)": 0.9450931539170202,
    "(25,62)": 0.8909527064038033,
    "(1,9)": 0.9188196951131097,
    "(11,45)": 0.8447262740152535,
    "(7,34)": 0.8576702072101544,
    "(38,98)": 0.880065306500893,
    "(2,19)": 0.8789805721891488,
    "(48,128)": 0.8805420994802741,
    "(14,27)": 0.9139478131608082,
    "(8,37)": 0.8957405336929882,
    "(46,75)": 0.8946233871002225,
    "(6,49)": 0.8269006589498161,
    "(27,94)": 0.9284602084846876,
    "(32,109)": 0.9138906348582719,
    "(5,19)": 0.8267961846350573,
    "(17,21)": 0.8051029079745834,
    "(4,17)": 0.9165688877666122,
    "(6,47)": 0.791871356294617,
    "(49,99)": 0.893512206413873,
    "(17,43)": 0.8526862111187634,
    "(30,117)": 0.9074348921480189,
    "(50,89)": 0.8985045260193896,
    "(11,21)": 0.9039890322414862,
    "(42,130)": 0.9220658094808261,
    "(7,40)": 0.9142578136673569,
    "(25,150)": 0.9365317571640928,
    "(5,11)": 0.9191583720732388,
    "(15,43)": 0.8578903603015041,
    "(17,32)": 0.9191496301993093,
    "(34,136)": 0.9353893122173755,
    "(10,30)": 0.8812586142994847,
    "(14,35)": 0.7899287704303177,
    "(1,18)": 0.9450108640097903,
    "(19,25)": 0.8574609992411346,
    "(35,118)": 0.9487859458756747,
    "(32,94)": 0.8860516316953417,
    "(44,134)": 0.9023125473513841,
    "(4,20)": 0.8429719705391938,
    "(21,100)": 0.9488442212703128,
    "(1,20)": 0.8590640029648503,
    "(30,120)": 0.9420280327819621,
    "(21,88)": 0.9261117977992986,
    "(43,139)": 0.8584215373922102,
    "(32,139)": 0.853391355100787,
    "(15,23)": 0.8780679359196293,
    "(48,137)": 0.9015160824040825,
    "(46,92)": 0.8813392413207887,
    "(39,126)": 0.9326784698898953,
    "(48,125)": 0.9453390530041295,
    "(37,99)": 0.9326524591519131,
    "(35,91)": 0.8564512270635297,
    "(42,145)": 0.8560907230867539,
    "(34,139)": 0.9396185893239533,
    "(26,77)": 0.9201053223284097,
    "(19,46)": 0.794439481449855,
    "(39,103)": 0.8745740156225609,
    "(12,45)": 0.9037048624402411,
    "(50,139)": 0.8949013726771127,
    "(38,115)": 0.850777724678577,
    "(24,91)": 0.9252540324073387,
    "(31,120)": 0.895586905016364,
    "(3,19)": 0.8824403090397541,
    "(29,122)": 0.8799446517993545,
    "(44,86)": 0.9061809381112461,
    "(23,103)": 0.9053143927450986,
    "(9,34)": 0.8005836774909562,
    "(24,115)": 0.88706140184406,
    "(9,21)": 0.9394851913710535,
    "(45,95)": 0.9290459884497406,
    "(15,36)": 0.8175930519747967,
    "(11,44)": 0.898153469272316,
    "(23,101)": 0.851118347331108,
    "(48,149)": 0.8823276248757324,
    "(4,11)": 0.9346814080989831,
    "(11,42)": 0.8492942688826143,
    "(41,63)": 0.8575378844795079,
    "(29,54)": 0.9334184859119871,
    "(16,26)": 0.8164125033138468,
    "(50,88)": 0.9131185377035815,
    "(4,13)": 0.883215537368499,
    "(35,72)": 0.8664367528922734,
    "(31,135)": 0.8881164666205872,
    "(24,139)": 0.9243595926684847,
    "(6,50)": 0.8627334489850849,
    "(46,126)": 0.9386901485072,
    "(25,96)": 0.8777178558245131,
    "(14,38)": 0.856474159372204,
    "(42,140)": 0.850461938762444,
    "(25,91)": 0.9033007466685218,
    "(47,94)": 0.9118205744301817,
    "(9,36)": 0.9265946061018591,
    "(22,129)": 0.9064194505134469,
    "(38,57)": 0.9171362206701708,
    "(36,73)": 0.92216410649272,
    "(6,31)": 0.7909597012620392,
    "(40,77)": 0.8795182241360877,
    "(14,24)": 0.9430593508360564,
    "(23,93)": 0.9279273428628957,
    "(20,46)": 0.8800937060986238,
    "(35,147)": 0.8693801954606223,
    "(22,60)": 0.8962773563581974,
    "(34,117)": 0.9072397352190511,
    "(21,53)": 0.9182502515901335,
    "(36,68)": 0.8791385700463313,
    "(19,37)": 0.8842457240296173,
    "(3,17)": 0.8772831375796718,
    "(3,13)": 0.8568687002977248,
    "(5,7)": 0.935381954332713,
    "(25,94)": 0.8640240830956557,
    "(28,148)": 0.9314714544324147,
    "(31,55)": 0.9038258437919097,
    "(11,39)": 0.9270381151568088,
    "(43,127)": 0.9119716882544262,
    "(9,43)": 0.9255168226977761,
    "(29,55)": 0.9425759943523584,
    "(27,140)": 0.8849579487283268,
    "(33,87)": 0.9200448406881249,
    "(16,35)": 0.9120934967406612,
    "(48,117)": 0.9113337163639849,
    "(22,57)": 0.9186738540224063,
    "(37,141)": 0.9441700020469134,
    "(45,55)": 0.8882087956612864,
    "(32,90)": 0.8872255676237775,
    "(10,32)": 0.9216905930437146,
    "(12,35)": 0.7909712064069081,
    "(25,56)": 0.8505963806840893,
    "(17,37)": 0.8203270639450511,
    "(8,21)": 0.821214185349679,
    "(1,12)": 0.8405172211189218,
    "(44,57)": 0.9258402362210596,
    "(31,134)": 0.8723065685303386,
    "(16,33)": 0.9245412706532936,
    "(33,119)": 0.9275931668399536,
    "(33,73)": 0.8960538504754133,
    "(28,96)": 0.9386807407224202,
    "(41,128)": 0.8728470278398334,
    "(1,11)": 0.8248250878296709,
    "(44,124)": 0.945131904242019,
    "(44,147)": 0.8544412158544639,
    "(40,141)": 0.8520561303341722,
    "(10,33)": 0.8945176080531068,
    "(38,148)": 0.8574686870012456,
    "(13,24)": 0.9020299465144547,
    "(38,117)": 0.9078756774824728,
    "(29,115)": 0.8641577502910585,
    "(23,124)": 0.9065320676094413,
    "(12,25)": 0.8659524073271234,
    "(46,115)": 0.9259777888813582,
    "(17,27)": 0.9424483288252871,
    "(41,60)": 0.8639281032870124,
    "(42,126)": 0.8702218403493055,
    "(8,50)": 0.8489161550750515,
    "(10,24)": 0.8495378846281366,
    "(11,46)": 0.9384688249944941,
    "(43,77)": 0.8999419969187504,
    "(31,130)": 0.9057872471745347,
    "(20,38)": 0.8304941762021709,
    "(3,15)": 0.8241039152504893,
    "(44,74)": 0.8824821477231962,
    "(18,34)": 0.8344047462945401,
    "(26,105)": 0.8881128043218284,
    "(15,30)": 0.9425974663154042,
    "(2,15)": 0.854180447194214,
    "(7,31)": 0.809995266295882,
    "(7,28)": 0.7967068593976278,
    "(21,103)": 0.9489972387249532,
    "(8,34)": 0.8065440014906508,
    "(15,32)": 0.8025330409481478,
    "(7,49)": 0.8514653976919335,
    "(41,126)": 0.8608262144622365,
    "(24,84)": 0.9479290163904648,
    "(23,136)": 0.8978564831923116,
    "(43,56)": 0.8639818407675502,
    "(5,10)": 0.9181230871033985,
    "(6,27)": 0.9181668850011421,
    "(49,146)": 0.9151802890400395,
    "(2,6)": 0.8924525313119811,