{
  "links": {
    "(7,16)": 0.9184341306579087,
    "(12,17)": 0.9011124713277135,
    "(3,8)": 0.939288567450026,
    "(11,16)": 0.943107927595326,
    "(8,15)": 0.9124539171481939,
    "(8,16)": 0.9378223867498898,
    "(12,15)": 0.9205352562786274,
    "(3,11)": 0.867705253812956,
    "(7,20)": 0.9373058584231019,
    "(9,16)": 0.9111178981842993,
    "(12,18)": 0.9193610909804464,
    "(6,11)": 0.9402525053463282,
    "(5,9)": 0.9424939298669452,
    "(11,17)": 0.9006236050179113,
    "(12,21)": 0.9172218819643113,
    "(5,7)": 0.8578688420062583,
    "(1,6)": 0.9339592522275713,
    "(2,5)": 0.9075416870320724,
    "(6,12)": 0.9381251097070415,
    "(10,16)": 0.9425043093026092,
    "(11,13)": 0.9321736128644686,
    "(6,7)": 0.9432236150375267,
    "(4,9)": 0.8854708085433752,
    "(1,3)": 0.9056476912042463,
    "(10,22)": 0.9089658480018336,
    "(1,5)": 0.9347298641726793,
    "(10,18)": 0.9448673263378679,
    "(3,9)": 0.921427077581928,
    "(4,10)": 0.9109727232387335,
    "(9,19)": 0.9248352394198535,
    "(3,10)": 0.9495205353965082,
    "(5,11)": 0.9083974524228707,
    "(2,6)": 0.8803338278898903,
    "(9,13)": 0.9403626235022002,
    "(8,19)": 0.9464477740523715,
    "(5,10)": 0.9251418598421802,
    "(2,3)": 0.9280825325285186,
    "(10,13)": 0.9232530548979638,
    "(11,22)": 0.9055946692737762,
    "(4,11)": 0.9055520822694846,
    "(6,9)": 0.9285201810840786,
    "(2,4)": 0.9328011901546619,
    "(4,8)": 0.9227916244314247,
    "(9,20)": 0.9482767715564372,
    "(7,17)": 0.9223082346133793,
    "(8,21)": 0.9477029877626427,
    "(7,19)": 0.9067387421528291,
    "(1,4)": 0.9017179063026058
  },
  "data_type": "Float64",
  "serialization": "compact",
  "description": "Link/edge probabilities for network analysis"
}
