{
  "nodes": {
    "4": 1.0,
    "1": 0.8680294030996499,
    "12": 1.0,
    "20": 1.0,
    "2": 0.8314805037602897,
    "6": 1.0,
    "22": 1.0,
    "11": 1.0,
    "13": 1.0,
    "5": 1.0,
    "15": 1.0,
    "16": 1.0,
    "14": 1.0,
    "21": 1.0,
    "7": 1.0,
    "8": 1.0,
    "17": 1.0,
    "19": 1.0,
    "10": 1.0,
    "9": 1.0,
    "18": 1.0,
    "3": 1.0
  },
  "data_type": "Float64",
  "serialization": "compact",
  "description": "Node prior probabilities for network analysis"
}
