{
  "network_type": "Full Scottish drone delivery network",
  "links": {
    "(165,153)": 0.8435352691287672,
    "(91,196)": 0.8225363992134418,
    "(181,97)": 0.878107009928727,
    "(182,198)": 0.8161011629475423,
    "(7,195)": 0.7658787131300678,
    "(102,196)": 0.9239973185992973,
    "(102,184)": 0.9029995116887597,
    "(103,196)": 0.9088099946660546,
    "(145,14)": 0.9041163372416813,
    "(174,178)": 0.8942013246667054,
    "(174,196)": 0.8583599874879901,
    "(120,182)": 0.8430933770426925,
    "(104,178)": 0.875022180037286,
    "(90,195)": 0.9027946205651934,
    "(23,199)": 0.8684919146330282,
    "(118,107)": 0.8931940358884538,
    "(190,198)": 0.8830854194013255,
    "(127,126)": 0.8677228042055567,
    "(60,199)": 0.8148942805015656,
    "(170,199)": 0.8182896542855543,
    "(117,195)": 0.8097526379984866,
    "(117,196)": 0.8603180921402718,
    "(32,198)": 0.790204345515462,
    "(95,198)": 0.7900861775370761,
    "(101,196)": 0.877554006129901,
    "(122,184)": 0.8693110428306197,
    "(175,198)": 0.8045571719839425,
    "(97,196)": 0.886139047182063,
    "(191,198)": 0.8551904899309977,
    "(1,3)": 0.6204322468784489,
    "(118,167)": 0.8764199281844121,
    "(92,196)": 0.8567521364948969,
    "(95,196)": 0.8885288310066285,
    "(102,97)": 0.9096126415223706,
    "(38,196)": 0.8750502742854963,
    "(181,168)": 0.8605269413535386,
    "(178,196)": 0.9142467189336937,
    "(120,195)": 0.7992175809381779,
    "(99,199)": 0.8069909148502121,
    "(1,16)": 0.6350203388919234,
    "(114,198)": 0.8215971835052049,
    "(120,115)": 0.9285726507794116,
    "(170,115)": 0.9008732468022937,
    "(102,116)": 0.9257067747119343,
    "(104,114)": 0.9116833549989445,
    "(85,195)": 0.8076522784286215,
    "(186,197)": 0.9241596337167509,
    "(188,198)": 0.8067938160846803,
    "(112,196)": 0.8826646887132097,
    "(118,168)": 0.8757763948594326,
    "(181,98)": 0.8655975703410759,
    "(180,98)": 0.8873613801830973,
    "(40,199)": 0.8553562231505087,
    "(120,168)": 0.8672513825109964,
    "(1,13)": 0.7574261658361896,
    "(101,198)": 0.7999635483156747,
    "(108,199)": 0.7834052674649572,
    "(175,195)": 0.8538194790208158,
    "(181,107)": 0.8617686832084043,
    "(181,112)": 0.8991371394402631,
    "(181,96)": 0.8850321192451491,
    "(180,169)": 0.8410304212494846,
    "(121,196)": 0.8960878676581977,
    "(86,197)": 0.8686024591802927,
    "(88,199)": 0.8780284108870299,
    "(116,196)": 0.8886672307919099,
    "(106,196)": 0.8839987825848982,
    "(81,6)": 0.8733635995460864,
    "(54,198)": 0.7678807105930101,
    "(102,168)": 0.8556094231198459,
    "(180,173)": 0.8462742147901285,
    "(104,109)": 0.9343836817805812,
    "(181,176)": 0.9381183338353382,
    "(184,198)": 0.790794239536019,
    "(184,196)": 0.8992345032643769,
    "(172,173)": 0.8397172225978562,
    "(181,108)": 0.8709602966312509,
    "(108,195)": 0.8189734487473336,
    "(1,9)": 0.6991894351608223,
    "(170,109)": 0.8727921415114482,
    "(102,114)": 0.8744734834378688,
    "(98,199)": 0.82368810417949,
    "(170,114)": 0.8567625451729254,
    "(44,196)": 0.7924996122739617,
    "(102,169)": 0.855828808455317,
    "(171,195)": 0.8489053895855361,
    "(192,198)": 0.8778326018770831,
    "(1,36)": 0.6844935990370807,
    "(68,69)": 0.8761362107127928,
    "(62,197)": 0.7783944285303477,
    "(100,195)": 0.8402677208983496,
    "(31,197)": 0.777221650552681,
    "(169,195)": 0.9057792818659428,
    "(120,184)": 0.8584100636059357,
    "(81,199)": 0.8298348481360707,
    "(167,199)": 0.8028308026111768,
    "(51,196)": 0.8357345075942444,
    "(100,199)": 0.7893556125434165,
    "(91,195)": 0.9063669894008158,
    "(179,195)": 0.817507785216261,
    "(1,40)": 0.7252902661675925,
    "(184,195)": 0.830881226434925,
    "(180,182)": 0.8926057841971899,
    "(185,198)": 0.8163882641272064,
    "(118,92)": 0.8793586997018487,
    "(99,195)": 0.8253959215869879,
    "(170,176)": 0.8766837667591979,
    "(58,199)": 0.8165452622688183,
    "(104,196)": 0.8653665714616534,
    "(6,198)": 0.8979322033801205,
    "(181,109)": 0.9093344631704127,
    "(31,198)": 0.8224308707135899,
    "(87,199)": 0.8863585666494337,
    "(45,196)": 0.8034647918849229,
    "(181,116)": 0.8733732789903154,
    "(170,198)": 0.8103671533281165,
    "(181,115)": 0.9058754803723269,
    "(81,195)": 0.8130972356141464,
    "(43,196)": 0.8220912224711856,
    "(190,195)": 0.7948578649110406,
    "(120,196)": 0.8553174611638531,
    "(102,108)": 0.8654476539877932,
    "(99,196)": 0.8874046705507302,
    "(110,195)": 0.7826994926334128,
    "(189,199)": 0.8159511701307333,
    "(113,195)": 0.7966620994099782,
    "(90,198)": 0.8618348701141131,
    "(180,107)": 0.8469774757632152,
    "(23,196)": 0.8471196377209199,
    "(177,196)": 0.8985619727334159,
    "(7,199)": 0.8365469368343353,
    "(61,199)": 0.7966004877951424,
    "(56,197)": 0.8114519998645028,
    "(104,96)": 0.8980530984199767,
    "(170,196)": 0.9183973852476972,
    "(187,199)": 0.8592457912523422,
    "(170,97)": 0.866260710841516,
    "(112,195)": 0.8054027990595415,
    "(180,108)": 0.8494275880702085,
    "(60,196)": 0.790797209853903,
    "(188,199)": 0.8270387162436175,
    "(102,109)": 0.8799310018562587,
    "(96,195)": 0.7917335473543256,
    "(109,196)": 0.8850040333255091,
    "(58,198)": 0.7779535162642391,
    "(99,198)": 0.8081256400248671,
    "(188,197)": 0.8568481531624572,
    "(23,195)": 0.8608441055301098,
    "(170,116)": 0.8259520001422052,
    "(107,196)": 0.8825132125714712,
    "(97,199)": 0.8202556060834933,
    "(102,95)": 0.8457890931294889,
    "(85,199)": 0.8265349257465955,
    "(120,103)": 0.9317187861459849,
    "(84,199)": 0.8731109988328422,
    "(87,198)": 0.9065190117242594,
    "(81,7)": 0.8788854746060382,
    "(180,198)": 0.7844900245429791,
    "(91,199)": 0.8566658989489776,
    "(170,195)": 0.8884650560387903,
    "(174,169)": 0.8618155397804501,
    "(6,197)": 0.8790603658312316,
    "(106,199)": 0.7961539169581471,
    "(178,198)": 0.8126941497725709,
    "(118,115)": 0.8782353697158283,
    "(9,196)": 0.8644582884703265,
    "(104,107)": 0.8716852137131924,
    "(97,195)": 0.8223456525808326,
    "(122,195)": 0.7771717725275639,
    "(144,195)": 0.7836293253756292,
    "(121,195)": 0.8217075007205438,
    "(111,195)": 0.802218815374718,
    "(104,93)": 0.8619645092644067,
    "(101,195)": 0.8143363777732895,
    "(107,199)": 0.7913680154010372,
    "(119,195)": 0.8340242485892125,
    "(194,198)": 0.8587053351550186,
    "(102,199)": 0.8121340737840894,
    "(51,195)": 0.7641012219182333,
    "(182,196)": 0.903788140163961,
    "(181,184)": 0.8971236690915467,
    "(118,196)": 0.86541349125647,
    "(120,96)": 0.9050689350332567,
    "(181,167)": 0.9188772044932494,
    "(86,195)": 0.8029882159021652,
    "(120,107)": 0.8486868576994887,
    "(177,199)": 0.8136775519105732,
    "(189,198)": 0.8544009898253407,
    "(118,93)": 0.8963288617771348,
    "(189,195)": 0.7911998666011035,
    "(88,169)": 0.9014648989941872,
    "(172,195)": 0.8021962744467687,
    "(120,176)": 0.8865634558533918,
    "(104,167)": 0.8856956580484956,
    "(168,196)": 0.8830135471917373,
    "(122,115)": 0.9155831789907575,
    "(104,168)": 0.8879273429504576,
    "(118,182)": 0.8578151813273346,
    "(4,198)": 0.7738970954535254,
    "(181,182)": 0.9233073008536314,
    "(102,112)": 0.9025874084853432,
    "(176,195)": 0.8512633123950742,
    "(85,7)": 0.8565139476447774,
    "(180,115)": 0.8379933459010275,
    "(175,196)": 0.8605450464927031,
    "(122,107)": 0.8671999226566888,
    "(1,34)": 0.762773797367536,
    "(85,198)": 0.8471480407782502,
    "(118,195)": 0.8118353423496577,
    "(179,196)": 0.861421788212858,
    "(122,97)": 0.8750793749548567,
    "(116,195)": 0.8014055007720493,
    "(88,167)": 0.8759112882255642,
    "(181,196)": 0.8762014649917954,
    "(4,199)": 0.7673568765543167,
    "(187,198)": 0.838398683408428,
    "(1,15)": 0.6496590015142096,