{
  "time_analysis": {
    "edge_delays": {
      "(9,4)": 1.2999999999999998,
      "(12,17)": 1.2999999999999998,
      "(17,18)": 1.2999999999999998,
      "(16,11)": 1.2999999999999998,
      "(8,3)": 1.2999999999999998,
      "(9,10)": 1.2999999999999998,
      "(19,24)": 1.2999999999999998,
      "(7,12)": 1.2999999999999998,
      "(22,17)": 1.2999999999999998,
      "(18,13)": 1.2999999999999998,
      "(18,19)": 1.2999999999999998,
      "(7,8)": 1.2999999999999998,
      "(20,15)": 1.2999999999999998,
      "(2,7)": 1.2999999999999998,
      "(24,25)": 1.2999999999999998,
      "(16,17)": 1.2999999999999998,
      "(8,9)": 1.2999999999999998,
      "(14,15)": 1.2999999999999998,
      "(23,22)": 1.2999999999999998,
      "(21,22)": 1.2999999999999998,
      "(23,18)": 1.2999999999999998,
      "(6,11)": 1.2999999999999998,
      "(2,3)": 1.2999999999999998,
      "(3,4)": 1.2999999999999998,
      "(13,8)": 1.2999999999999998,
      "(19,14)": 1.2999999999999998,
      "(21,16)": 1.2999999999999998,
      "(15,10)": 1.2999999999999998,
      "(12,13)": 1.2999999999999998,
      "(10,5)": 1.2999999999999998,
      "(14,9)": 1.2999999999999998,
      "(1,6)": 1.2999999999999998,
      "(4,5)": 1.2999999999999998,
      "(23,24)": 1.2999999999999998,
      "(6,7)": 1.2999999999999998,
      "(19,20)": 1.2999999999999998,
      "(20,25)": 1.2999999999999998,
      "(1,2)": 1.2999999999999998,
      "(11,12)": 1.2999999999999998,
      "(13,14)": 1.2999999999999998
    },
    "combination_function": "max_combination",
    "initial_time": 0.0,
    "analysis_type": "longest_path_time",
    "propagation_function": "additive_propagation",
    "node_durations": {
      "24": 1.0714285714285714,
      "4": 1.0714285714285714,
      "1": 1.0714285714285714,
      "12": 1.0714285714285714,
      "20": 1.0714285714285714,
      "2": 1.0714285714285714,
      "6": 1.0714285714285714,
      "25": 1.0714285714285714,
      "23": 1.0714285714285714,
      "22": 1.0714285714285714,
      "11": 1.0714285714285714,
      "13": 1.0714285714285714,
      "5": 1.0714285714285714,
      "15": 1.0714285714285714,
      "16": 1.0714285714285714,
      "14": 1.0714285714285714,
      "21": 1.0714285714285714,
      "7": 1.0714285714285714,
      "8": 1.0714285714285714,
      "17": 1.0714285714285714,
      "10": 1.0714285714285714,
      "19": 1.0714285714285714,
      "9": 1.0714285714285714,
      "18": 1.0714285714285714,
      "3": 1.0714285714285714
    }
  },
  "network_type": "critical_path",
  "data_type": "Float64",
  "cost_analysis": {
    "initial_cost": 0.0,
    "combination_function": "max_combination",
    "node_costs": {
      "24": 132.0,
      "4": 132.0,
      "1": 132.0,
      "12": 132.0,
      "20": 132.0,
      "2": 132.0,
      "6": 132.0,
      "25": 132.0,
      "23": 132.0,
      "22": 132.0,
      "11": 132.0,
      "13": 132.0,
      "5": 132.0,
      "15": 132.0,
      "16": 132.0,
      "14": 132.0,
      "21": 132.0,
      "7": 132.0,
      "8": 132.0,
      "17": 132.0,
      "10": 132.0,
      "19": 132.0,
      "9": 132.0,
      "18": 132.0,
      "3": 132.0
    },
    "analysis_type": "total_project_cost",
    "propagation_function": "additive_propagation",
    "edge_costs": {
      "(9,4)": 69.0,
      "(12,17)": 69.0,
      "(17,18)": 69.0,
      "(16,11)": 69.0,
      "(8,3)": 69.0,
      "(9,10)": 69.0,
      "(19,24)": 69.0,
      "(7,12)": 69.0,
      "(22,17)": 69.0,
      "(18,13)": 69.0,
      "(18,19)": 69.0,
      "(7,8)": 69.0,
      "(20,15)": 69.0,
      "(2,7)": 69.0,
      "(24,25)": 69.0,
      "(16,17)": 69.0,
      "(8,9)": 69.0,
      "(14,15)": 69.0,
      "(23,22)": 69.0,
      "(21,22)": 69.0,
      "(23,18)": 69.0,
      "(6,11)": 69.0,
      "(2,3)": 69.0,
      "(3,4)": 69.0,
      "(13,8)": 69.0,
      "(19,14)": 69.0,
      "(21,16)": 69.0,
      "(15,10)": 69.0,
      "(12,13)": 69.0,
      "(10,5)": 69.0,
      "(14,9)": 69.0,
      "(1,6)": 69.0,
      "(4,5)": 69.0,
      "(23,24)": 69.0,
      "(6,7)": 69.0,
      "(19,20)": 69.0,
      "(20,25)": 69.0,
      "(1,2)": 69.0,
      "(11,12)": 69.0,
      "(13,14)": 69.0
    }
  },
  "conversion_formulas": {
    "base_node_cost": 120.0,
    "base_edge_delay": 1.0,
    "delay_penalty": 3.0,
    "base_node_duration": 3.0,
    "edge_cost_penalty": 1.5,
    "base_edge_cost": 60.0,
    "cost_factor": 1.0,
    "reliability_bonus": 2.0
  },
  "description": "Critical Path Module inputs generated from reachability data for grid-graph-5x5",
  "generation_info": {
    "total_nodes": 25,
    "total_edges": 40,
    "generated_from": "reachability_data",
    "timestamp": "2025-08-24T18:46:18.150"
  }
}
