{
  "links": {
    "(49,50)": 0.9069763820355736,
    "(77,78)": 0.8507144125694319,
    "(9,10)": 0.9270538331586742,
    "(2,10)": 0.8662789529269194,
    "(17,14)": 0.9175344391284752,
    "(62,61)": 0.8973801736989532,
    "(83,90)": 0.9103399114552292,
    "(40,37)": 0.9337921716099388,
    "(86,83)": 0.9098417189350412,
    "(8,12)": 0.8830839216342733,
    "(32,33)": 0.8677356796558732,
    "(88,91)": 0.8852755414178479,
    "(112,113)": 0.8957046088482054,
    "(8,9)": 0.8901637564901048,
    "(45,47)": 0.8548072016179181,
    "(25,33)": 0.9143783355136215,
    "(45,46)": 0.9305619496589924,
    "(95,96)": 0.94161453968868,
    "(67,68)": 0.9143706268834104,
    "(61,59)": 0.9178092261159948,
    "(94,98)": 0.9205392024369046,
    "(14,21)": 0.9481271115856875,
    "(12,11)": 0.8536448446919819,
    "(89,90)": 0.85070113166899,
    "(54,58)": 0.9039957910432634,
    "(41,39)": 0.9173722396167651,
    "(101,102)": 0.8596899546189606,
    "(109,106)": 0.93128789213203,
    "(90,107)": 0.8893413027915271,
    "(100,101)": 0.865107281442738,
    "(63,60)": 0.8500768190427216,
    "(22,23)": 0.8909348782415656,
    "(22,24)": 0.8182831546008817,
    "(47,48)": 0.9327428859636515,
    "(71,72)": 0.945856002856757,
    "(53,54)": 0.8939138742282814,
    "(35,34)": 0.9388715025615764,
    "(76,77)": 0.922013998820079,
    "(94,95)": 0.9485809513316033,
    "(31,32)": 0.9256373599690554,
    "(11,19)": 0.9199645795896494,
    "(37,44)": 0.926109719508104,
    "(111,112)": 0.9051087416367286,
    "(108,107)": 0.9362095933866036,
    "(107,105)": 0.8825429721361664,
    "(90,91)": 0.9490972056272533,
    "(18,16)": 0.9323055924901332,
    "(46,53)": 0.8993212125252177,
    "(25,26)": 0.9169572897346066,
    "(110,108)": 0.8583231349356384,
    "(58,57)": 0.9387868526933209,
    "(38,36)": 0.8599175894210388,
    "(93,94)": 0.8560462254837551,
    "(75,74)": 0.9298799582739542,
    "(71,75)": 0.9173370420286269,
    "(54,55)": 0.8933036555057967,
    "(103,111)": 0.8577624958940462,
    "(65,66)": 0.8827090570522191,
    "(2,6)": 0.8931489099498412,
    "(87,85)": 0.9248354574285714,
    "(52,51)": 0.9150202180640251,
    "(2,3)": 0.927071323513285,
    "(28,36)": 0.8665455683194804,
    "(39,38)": 0.8817116865409563,
    "(48,52)": 0.8961358471876819,
    "(113,114)": 0.9445393378328093,
    "(81,80)": 0.8813083148282065,
    "(69,76)": 0.8639051850623771,
    "(26,27)": 0.8999126112738853,
    "(66,67)": 0.8781124184839766,
    "(72,73)": 0.9005019250290174,
    "(96,97)": 0.9451167325029328,
    "(4,5)": 0.8772030598873036,
    "(64,62)": 0.9046750336227875,
    "(42,43)": 0.9443843043645442,
    "(25,29)": 0.9023994607401342,
    "(94,102)": 0.8875703033444832,
    "(102,103)": 0.8524759708594556,
    "(114,115)": 0.9062647135886633,
    "(57,65)": 0.9141277796653186,
    "(5,13)": 0.8770885708153044,
    "(99,100)": 0.8617799664324913,
    "(78,79)": 0.8810104334122988,
    "(7,8)": 0.9462399779808577,
    "(48,49)": 0.9340502354588935,
    "(60,67)": 0.8637166572563048,
    "(24,25)": 0.8778062213336781,
    "(16,17)": 0.8768741046845239,
    "(21,22)": 0.9143662426758141,
    "(79,80)": 0.90844140596258,
    "(88,89)": 0.9206755028797154,
    "(71,79)": 0.8926378324396818,
    "(3,4)": 0.9077987695747413,
    "(92,99)": 0.8845725575964942,
    "(43,44)": 0.8676283838778212,
    "(85,86)": 0.8722752913976619,
    "(6,5)": 0.907228046525014,
    "(30,31)": 0.8609029332409268,
    "(29,28)": 0.9497051011079677,
    "(62,63)": 0.9103368699019294,
    "(59,60)": 0.8957978531509206,
    "(51,59)": 0.8605811133817051,
    "(97,105)": 0.8862977966164326,
    "(48,56)": 0.867178012235094,
    "(68,69)": 0.939637242739055,
    "(80,88)": 0.8534165830893315,
    "(19,20)": 0.8570670451101106,
    "(44,45)": 0.8949220533421315,
    "(73,74)": 0.8945685127105788,
    "(1,2)": 0.8542475376065555,
    "(98,97)": 0.907101921151795,
    "(13,14)": 0.8556521762558995,
    "(111,114)": 0.9028688583556197,
    "(104,103)": 0.881827300220155,
    "(31,35)": 0.8701700366486613,
    "(44,61)": 0.8784473343128726,
    "(50,51)": 0.9195853242411107,
    "(77,81)": 0.8521383142156731,
    "(85,84)": 0.9193456000949327,
    "(21,38)": 0.8056005335215062,
    "(42,45)": 0.9149275252845969,
    "(36,37)": 0.8584683193427567,
    "(65,68)": 0.9054468261732852,
    "(15,13)": 0.9372114483378404,
    "(105,106)": 0.8789779323078196,
    "(108,109)": 0.8926829109006504,
    "(82,83)": 0.94730936581511,
    "(34,42)": 0.9293134295308052,
    "(56,57)": 0.8506626023612694,
    "(84,82)": 0.909590217300171,
    "(68,70)": 0.8204383515377139,
    "(16,15)": 0.8837925889061091,
    "(74,82)": 0.8600417764288798,
    "(27,28)": 0.925920463192309,
    "(106,113)": 0.9368735962737563,
    "(70,71)": 0.9131210816392896,
    "(23,30)": 0.8712257226255274,
    "(91,93)": 0.8762959400937871,
    "(10,11)": 0.8612222846990216,
    "(33,34)": 0.9136979790172112,
    "(39,40)": 0.8655608992528732,
    "(55,56)": 0.8907431556380461,
    "(19,22)": 0.9472895314301216,
    "(91,92)": 0.935224226808428,
    "(100,104)": 0.9292488907023952,
    "(67,84)": 0.8482450178994005,
    "(20,21)": 0.9303190313675805
  },
  "data_type": "Float64",
  "serialization": "compact",
  "description": "Link probabilities for scaled power network connections"
}
