{
  "links": {
    "(2,3)": 0.7118325257911011,
    "(4,6)": 0.7919154855217296,
    "(1,3)": 0.75771675834226,
    "(3,8)": 0.7569288443787183,
    "(3,7)": 0.752588599540652,
    "(4,5)": 0.7473313003446456
  },
  "data_type": "Float64",
  "serialization": "compact",
  "description": "Realistic drone network link probabilities"
}
