{
  "links": {
    "(138,145)": 0.8277459097723825,
    "(49,50)": 0.8829620824729776,
    "(77,78)": 0.9048795584525273,
    "(9,10)": 0.921077380277864,
    "(62,61)": 0.8712251542595072,
    "(83,90)": 0.8927901428322583,
    "(8,12)": 0.8674924488213908,
    "(8,9)": 0.9239242766222775,
    "(95,96)": 0.8985832429071993,
    "(67,68)": 0.9364485662365953,
    "(94,98)": 0.9377960251175061,
    "(12,11)": 0.89449090743645,
    "(89,90)": 0.850127155155086,
    "(54,58)": 0.9287772000314481,
    "(41,39)": 0.8637086653158201,
    "(127,126)": 0.869175973116079,
    "(150,149)": 0.9229669510224918,
    "(90,107)": 0.8720285084009598,
    "(131,132)": 0.9095133982335817,
    "(123,124)": 0.8512927137758542,
    "(135,136)": 0.9285955185236706,
    "(141,142)": 0.8795074026888241,
    "(47,48)": 0.8915122383217797,
    "(71,72)": 0.8758720908956709,
    "(94,95)": 0.8741346498293925,
    "(35,34)": 0.9310617831056737,
    "(76,77)": 0.947693433621711,
    "(31,32)": 0.8945632168795379,
    "(90,91)": 0.9035032497834747,
    "(117,121)": 0.9477755550192686,
    "(152,159)": 0.8573417324794037,
    "(133,131)": 0.9211796023916285,
    "(46,53)": 0.8120741588922467,
    "(25,26)": 0.9062860727693997,
    "(38,36)": 0.9434341666759305,
    "(140,144)": 0.8925057934457791,
    "(93,94)": 0.890109483697818,
    "(148,149)": 0.8657989929968427,
    "(134,137)": 0.9092582275957153,
    "(103,111)": 0.8962989171114056,
    "(54,55)": 0.9046529038829639,
    "(155,152)": 0.8640300615805611,
    "(65,66)": 0.8500272587674665,
    "(2,6)": 0.9150899127303237,
    "(52,51)": 0.9457868582672025,
    "(2,3)": 0.903895334681926,
    "(28,36)": 0.8955876563499495,
    "(39,38)": 0.8629448115840539,
    "(48,52)": 0.9426870895796673,
    "(26,27)": 0.8511197093253305,
    "(66,67)": 0.9414180478808919,
    "(4,5)": 0.8695053259164985,
    "(42,43)": 0.8868407708262624,
    "(94,102)": 0.911435285212167,
    "(102,103)": 0.8514563424251661,
    "(57,65)": 0.9408735703011247,
    "(5,13)": 0.9048708794355322,
    "(136,137)": 0.9057603364473679,
    "(99,100)": 0.9379425997815395,
    "(48,49)": 0.9046476447370674,
    "(146,150)": 0.851050946309008,
    "(60,67)": 0.9141083798221112,
    "(16,17)": 0.8903296794357596,
    "(160,161)": 0.9230728500179961,
    "(21,22)": 0.8567192924916904,
    "(92,99)": 0.8502704770648541,
    "(71,79)": 0.8763421430055388,
    "(85,86)": 0.8682077481868493,
    "(30,31)": 0.8958781216436058,
    "(62,63)": 0.9418888441968422,
    "(59,60)": 0.9019077831382529,
    "(48,56)": 0.8902224749466794,
    "(68,69)": 0.910522522911693,
    "(136,153)": 0.8205057482583911,
    "(80,88)": 0.9431190579399046,
    "(19,20)": 0.8772689411196899,
    "(44,45)": 0.924268997256462,
    "(73,74)": 0.9227213970943069,
    "(1,2)": 0.8796922076367633,
    "(111,114)": 0.8838087339837712,
    "(104,103)": 0.8657967434429729,
    "(31,35)": 0.8803657361680775,
    "(44,61)": 0.8501311493469101,
    "(77,81)": 0.9377553231958073,
    "(42,45)": 0.856205538060084,
    "(36,37)": 0.8738874712291992,
    "(115,122)": 0.896872568517807,
    "(122,123)": 0.9442024833819938,
    "(105,106)": 0.9474836072284081,
    "(108,109)": 0.8639046751439436,
    "(134,135)": 0.8648380052313346,
    "(84,82)": 0.9423230892545342,
    "(106,113)": 0.8575943884873792,
    "(70,71)": 0.8771385729702432,
    "(39,40)": 0.8989001206298135,
    "(149,157)": 0.8849241475224583,
    "(55,56)": 0.8630743041796388,
    "(100,104)": 0.9428299970902242,
    "(2,10)": 0.9130206147407178,
    "(17,14)": 0.9402986859278858,
    "(157,160)": 0.8955051008753587,
    "(156,154)": 0.9481462463459096,
    "(40,37)": 0.9304120085640566,
    "(86,83)": 0.8914055801384578,
    "(32,33)": 0.8518642694929929,
    "(88,91)": 0.9417371986140398,
    "(112,113)": 0.8706114173239727,
    "(132,129)": 0.9255044794085872,
    "(45,47)": 0.8898621273851055,
    "(25,33)": 0.9291258514946881,
    "(45,46)": 0.9105060466897819,
    "(61,59)": 0.8588925214370274,
    "(159,160)": 0.8893319537265476,
    "(14,21)": 0.9317525538000044,
    "(147,148)": 0.8663066084492536,
    "(126,134)": 0.8723715720882544,
    "(109,106)": 0.855364663941209,
    "(101,102)": 0.9379799570716122,
    "(121,120)": 0.936936759573237,
    "(100,101)": 0.9017177997134135,
    "(63,60)": 0.9142855458043336,
    "(22,23)": 0.934231973939442,
    "(22,24)": 0.8582233823141625,
    "(146,147)": 0.9382137449413102,
    "(53,54)": 0.9020332575476133,
    "(11,19)": 0.8721508327094256,
    "(37,44)": 0.9372351387170732,
    "(111,112)": 0.8558625106078392,
    "(108,107)": 0.9480054761728725,
    "(107,105)": 0.8705836119456617,
    "(113,130)": 0.8450976674760071,
    "(18,16)": 0.9270205026978248,
    "(137,138)": 0.9286799870233827,
    "(116,117)": 0.9330725558542474,
    "(110,108)": 0.8716690750326561,
    "(58,57)": 0.8928393452630895,
    "(139,140)": 0.8697754190145481,
    "(129,136)": 0.8515193373270622,
    "(131,130)": 0.8966191672825918,
    "(75,74)": 0.927440877948882,
    "(130,128)": 0.9346430039344598,
    "(71,75)": 0.9198514228312,
    "(87,85)": 0.8778022463767186,
    "(117,125)": 0.9310340496901149,
    "(143,151)": 0.865638469381634,
    "(113,114)": 0.8792641295795736,
    "(119,120)": 0.9300291589036342,
    "(69,76)": 0.8151314624951526,
    "(81,80)": 0.8947236596443945,
    "(72,73)": 0.8692249775618941,
    "(96,97)": 0.8737886016628251,
    "(64,62)": 0.8731881643581524,
    "(128,129)": 0.9079560105684917,
    "(154,155)": 0.9410933693380771,
    "(25,29)": 0.9478610781490467,
    "(145,146)": 0.929972284671541,
    "(114,115)": 0.9128688413978009,
    "(144,143)": 0.9090186395787953,
    "(125,126)": 0.8547250405488833,
    "(78,79)": 0.9192916465038887,
    "(7,8)": 0.896640689916719,
    "(140,148)": 0.9193841056072215,
    "(157,158)": 0.9060382803096836,
    "(24,25)": 0.9262756870490207,
    "(142,143)": 0.8915321156339255,
    "(79,80)": 0.852596792173517,
    "(117,118)": 0.9432810469385009,
    "(88,89)": 0.9455816760642923,
    "(3,4)": 0.8745142197861961,
    "(43,44)": 0.9030217098715871,
    "(6,5)": 0.8870821652065538,
    "(118,119)": 0.9010359047322829,
    "(29,28)": 0.9070392356919654,
    "(97,105)": 0.8952586206858032,
    "(51,59)": 0.9119889089109139,
    "(123,127)": 0.9126757131571307,
    "(98,97)": 0.8959899626776757,
    "(13,14)": 0.9426059460254017,
    "(124,125)": 0.8741809898342421,
    "(120,128)": 0.854323946634007,
    "(151,152)": 0.8773196841393478,
    "(50,51)": 0.9493880896582142,
    "(85,84)": 0.8545340603899031,
    "(65,68)": 0.8660314451519487,
    "(15,13)": 0.8562126773489157,
    "(153,151)": 0.8766872759171731,
    "(140,141)": 0.8595055619179276,
    "(82,83)": 0.9393913751878066,
    "(34,42)": 0.9206781560627735,
    "(56,57)": 0.8760686856406463,
    "(68,70)": 0.8844893342344059,
    "(16,15)": 0.9481669163773154,
    "(74,82)": 0.8736701248681774,
    "(27,28)": 0.8646326672494411,
    "(154,153)": 0.937520781334662,
    "(158,159)": 0.8707337788161938,
    "(23,30)": 0.8266714113860141,
    "(91,93)": 0.862785632124137,
    "(10,11)": 0.9397247289627316,
    "(114,116)": 0.8472181282619448,
    "(33,34)": 0.935882655903973,
    "(137,139)": 0.8162413341675548,
    "(19,22)": 0.9101403628137159,
    "(91,92)": 0.8684751396960564,
    "(67,84)": 0.837655922228297,
    "(20,21)": 0.872319329773369
  },
  "data_type": "Float64",
  "serialization": "compact",
  "description": "Link probabilities for scaled power network connections"
}
