{
  "time_analysis": {
    "edge_delays": {
      "(1,122)": 1.475581740446541,
      "(1,30)": 2.11339686849083,
      "(1,11)": 1.8383076636968074,
      "(1,24)": 1.645107918715046,
      "(1,123)": 1.6310081573373232,
      "(1,113)": 1.4341543906573955,
      "(1,98)": 1.686279113009423,
      "(1,126)": 1.3712756707623879,
      "(1,53)": 1.8794423400998865,
      "(1,3)": 1.371256976320527,
      "(1,8)": 1.8991575385913966,
      "(1,124)": 1.4113501262405492,
      "(1,48)": 1.9379084565617597,
      "(1,117)": 1.4763679751755985,
      "(1,50)": 1.7756096609591219,
      "(1,16)": 1.3998747076711382,
      "(1,42)": 1.4976022852164057,
      "(1,97)": 1.5778994044545525,
      "(1,38)": 1.8661353228939397,
      "(1,47)": 1.561177523707883,
      "(1,14)": 1.708496396914415,
      "(1,106)": 1.50861282009597,
      "(1,28)": 1.828822614261779,
      "(1,13)": 1.6973878969875638,
      "(1,100)": 1.4113521384227365,
      "(1,51)": 1.9577097400860652,
      "(1,95)": 1.7521981236086779,
      "(1,26)": 1.3242118523316504,
      "(1,121)": 1.4751432341977129,
      "(1,17)": 1.5854116048303961,
      "(1,94)": 1.8875783308754732,
      "(1,105)": 1.529371348321987,
      "(1,114)": 1.4295355344355514,
      "(1,108)": 1.533426325809288,
      "(1,99)": 1.5534830753463442,
      "(1,96)": 1.4817880999050987,
      "(1,46)": 1.5979605541565631,
      "(1,9)": 1.4785430882360917,
      "(1,148)": 1.5742889615385147,
      "(1,29)": 1.7870663643362814,
      "(1,44)": 1.8824182902929514,
      "(1,101)": 1.573166578937181,
      "(1,109)": 1.4086443259667143,
      "(1,15)": 1.3526003154258777,
      "(1,119)": 1.5932019862912867,
      "(1,107)": 1.6152297442589085,
      "(1,102)": 1.4462643170351746,
      "(1,125)": 1.5048853708869374,
      "(1,112)": 1.6031901155171688,
      "(1,36)": 1.7115839408824276,
      "(1,118)": 1.5638586596322717,
      "(1,2)": 1.5953792770148285,
      "(1,37)": 1.5698808995545632,
      "(1,120)": 1.5516229704313016,
      "(1,110)": 1.4073496830018477,
      "(1,147)": 1.824412095435017,
      "(1,104)": 1.4489074314365913,
      "(1,40)": 1.3693281661361363,
      "(1,45)": 1.5588043128913203,
      "(1,115)": 1.5518031756893635,
      "(1,111)": 1.6014864670820463,
      "(1,93)": 1.7816191513154247,
      "(1,103)": 1.5761199249485398,
      "(1,18)": 1.459509498171849,
      "(1,116)": 1.5623491837660473,
      "(1,7)": 1.5136125446726114,
      "(1,151)": 1.6155944821149493,
      "(1,52)": 1.6714509010501069
    },
    "combination_function": "max_combination",
    "initial_time": 0.0,
    "analysis_type": "longest_path_time",
    "propagation_function": "additive_propagation",
    "node_durations": {
      "1": 1.1538461538461537,
      "54": 1.0427163271806525,
      "101": 1.0647739472602364,
      "41": 1.0896136374114416,
      "65": 1.0551931769135374,
      "168": 1.0993170367708238,
      "159": 1.1315914519538992,
      "190": 1.0592354261091024,
      "88": 1.0933434239739186,
      "26": 1.0563316133119207,
      "77": 1.0675855256049775,
      "24": 1.091026971371255,
      "23": 1.1145174900097323,
      "160": 1.0884676241474742,
      "149": 1.0704646419088453,
      "59": 1.059276325139989,
      "184": 1.0702702851081687,
      "43": 1.1645618825076791,
      "122": 1.0899132161621006,
      "175": 1.086990963390354,
      "39": 1.1011318373660204,
      "143": 1.097039247096893,
      "112": 1.0816412730134581,
      "34": 1.0874850274223269,
      "137": 1.1114667477770879,
      "55": 1.0754888296840206,
      "17": 1.102857476445951,
      "9": 1.0699141243267358,
      "172": 1.0727778637418461,
      "12": 1.115924874218485,
      "192": 1.0815223974478123,
      "20": 1.096760584733803,
      "14": 1.1277922419989832,
      "167": 1.0730567195592833,
      "127": 1.113069978227688,
      "123": 1.0791282381143932,
      "96": 1.0628021590442354,
      "177": 1.058455544920174,
      "19": 1.089918271718517,
      "179": 1.0569776164953528,
      "35": 1.1438933119114776,
      "197": 1.0612725920535908,
      "131": 1.1185002614891817,
      "21": 1.1015605961406947,
      "83": 1.0925798685150925,
      "45": 1.0698215584227075,
      "139": 1.1105415041420295,
      "181": 1.070120783687926,
      "85": 1.076045559241308,
      "30": 1.1580032763153978,
      "105": 1.0712308139567306,
      "3": 1.0633970476341008,
      "81": 1.047028673372404,
      "27": 1.1360232866059108,
      "75": 1.0541734953545556,
      "50": 1.062463580691499,
      "162": 1.0978982722218775,
      "63": 1.0678540427707803,
      "92": 1.0662575732151496,
      "120": 1.0676723622093511,
      "87": 1.0935324620568174,
      "117": 1.062348248721683,
      "178": 1.0721238087414253,
      "89": 1.061782214846668,
      "176": 1.0777190303957307,
      "182": 1.0792634908929342,
      "195": 1.0606206359308297,
      "161": 1.1075993123264398,
      "146": 1.1112329579940814,
      "142": 1.0934168687756631,
      "80": 1.0358863166361714,
      "113": 1.0848968037506541,
      "110": 1.0530296330123734,
      "157": 1.1374147276591995,
      "57": 1.0645811507252314,
      "165": 1.129984440839266,
      "173": 1.0681533444627982,
      "171": 1.0758967687527292,
      "130": 1.1016088804121844,
      "67": 1.0614191504348949,
      "61": 1.0612865139872873,
      "15": 1.058511752631642,
      "108": 1.067941247686619,
      "100": 1.0790091708398146,
      "46": 1.06982495646777,
      "170": 1.0744975829136225,
      "151": 1.055348224771338,
      "68": 1.0626292527823449,
      "56": 1.0568037683752565,
      "147": 1.0950658363989898,
      "76": 1.0426846673969952,
      "186": 1.0599741159446976,
      "180": 1.0599245847272798,
      "135": 1.10307335105454,
      "48": 1.06916558768459,
      "103": 1.0665763258532635,
      "109": 1.0685987033627369,
      "32": 1.1728338605761104,
      "2": 1.0816467562069914,
      "183": 1.0653751387683283,
      "155": 1.1206983990809127,
      "51": 1.0665575964497143,
      "53": 1.0485185650121633,
      "106": 1.0662565841118186,
      "111": 1.0808545370922225,
      "141": 1.117970120935824,
      "93": 1.0883531688115673,
      "10": 1.1160715044335001,
      "154": 1.1449163313431432,
      "49": 1.0609602227944264,
      "5": 1.0410926789623007,
      "196": 1.0769780669775502,
      "62": 1.0493729590654464,
      "90": 1.088394735887732,
      "164": 1.108842320825351,
      "86": 1.0673471794441018,
      "126": 1.0639741240748535,
      "152": 1.0665189810059288,
      "71": 1.0690963433490297,
      "37": 1.1047876401517038,
      "6": 1.082439429755075,
      "125": 1.0620423997808157,
      "98": 1.089813993852976,
      "174": 1.0859078918786746,
      "187": 1.0633809143259634,
      "7": 1.0804749941839626,
      "194": 1.0937971601275807,
      "140": 1.115468428682122,
      "107": 1.0593828170590005,
      "102": 1.0598087684951114,
      "69": 1.0711622631403146,
      "97": 1.0623557464927842,
      "4": 1.0748060141465405,
      "136": 1.0988401436782673,
      "13": 1.111146540295873,
      "134": 1.1015814448715266,
      "133": 1.094726318972432,
      "148": 1.086721173059716,
      "193": 1.059984553543104,
      "118": 1.0556192144915102,
      "38": 1.1047405724421526,
      "188": 1.0540722611856306,
      "199": 1.0,
      "116": 1.0669754229543489,
      "66": 1.058806854250658,
      "18": 1.1045473571031277,
      "132": 1.0922776530033669,
      "29": 1.1661291945823635,
      "78": 1.0470556899084293,
      "74": 1.0462895784384154,
      "119": 1.0623881694240787,
      "42": 1.0900032381834874,
      "33": 1.091963819319286,
      "28": 1.1482483570746518,
      "52": 1.0821656156343287,
      "121": 1.0539323432512058,
      "115": 1.054020198699054,
      "163": 1.1076040024285232,
      "58": 1.0563230657588523,
      "25": 1.0662292018267778,
      "114": 1.0608275796034716,
      "166": 1.1252139983609468,
      "31": 1.1601504506803855,
      "44": 1.055323195976216,
      "169": 1.1127916838103145,