{
  "time_analysis": {
    "edge_delays": {
      "(7,16)": 1.2999999999999998,
      "(15,23)": 1.2999999999999998,
      "(1,11)": 1.2999999999999998,
      "(24,32)": 1.2999999999999998,
      "(2,10)": 1.2999999999999998,
      "(22,32)": 1.2999999999999998,
      "(8,16)": 1.2999999999999998,
      "(13,24)": 1.2999999999999998,
      "(15,20)": 1.2999999999999998,
      "(19,30)": 1.2999999999999998,
      "(12,23)": 1.2999999999999998,
      "(17,27)": 1.2999999999999998,
      "(8,14)": 1.2999999999999998,
      "(19,29)": 1.2999999999999998,
      "(2,12)": 1.2999999999999998,
      "(10,20)": 1.2999999999999998,
      "(23,31)": 1.2999999999999998,
      "(10,18)": 1.2999999999999998,
      "(11,19)": 1.2999999999999998,
      "(10,19)": 1.2999999999999998,
      "(22,27)": 1.2999999999999998,
      "(7,12)": 1.2999999999999998,
      "(7,15)": 1.2999999999999998,
      "(18,28)": 1.2999999999999998,
      "(18,26)": 1.2999999999999998,
      "(6,14)": 1.2999999999999998,
      "(19,27)": 1.2999999999999998,
      "(23,32)": 1.2999999999999998,
      "(18,27)": 1.2999999999999998,
      "(24,29)": 1.2999999999999998,
      "(16,22)": 1.2999999999999998,
      "(11,22)": 1.2999999999999998,
      "(23,28)": 1.2999999999999998,
      "(16,21)": 1.2999999999999998,
      "(13,21)": 1.2999999999999998,
      "(5,13)": 1.2999999999999998,
      "(20,28)": 1.2999999999999998,
      "(14,24)": 1.2999999999999998,
      "(3,11)": 1.2999999999999998,
      "(4,15)": 1.2999999999999998,
      "(17,25)": 1.2999999999999998,
      "(15,24)": 1.2999999999999998,
      "(1,9)": 1.2999999999999998,
      "(6,11)": 1.2999999999999998,
      "(6,16)": 1.2999999999999998,
      "(3,13)": 1.2999999999999998,
      "(14,22)": 1.2999999999999998,
      "(9,17)": 1.2999999999999998,
      "(2,11)": 1.2999999999999998,
      "(16,24)": 1.2999999999999998,
      "(21,32)": 1.2999999999999998,
      "(9,19)": 1.2999999999999998,
      "(21,29)": 1.2999999999999998,
      "(11,21)": 1.2999999999999998,
      "(12,20)": 1.2999999999999998,
      "(5,11)": 1.2999999999999998,
      "(24,30)": 1.2999999999999998,
      "(5,16)": 1.2999999999999998,
      "(21,27)": 1.2999999999999998,
      "(20,31)": 1.2999999999999998,
      "(13,19)": 1.2999999999999998,
      "(8,13)": 1.2999999999999998,
      "(14,19)": 1.2999999999999998,
      "(4,12)": 1.2999999999999998,
      "(22,30)": 1.2999999999999998,
      "(3,14)": 1.2999999999999998
    },
    "combination_function": "max_combination",
    "initial_time": 0.0,
    "analysis_type": "longest_path_time",
    "propagation_function": "additive_propagation",
    "node_durations": {
      "24": 1.5,
      "4": 3.0,
      "1": 2.0,
      "12": 1.5,
      "29": 1.5,
      "20": 1.5,
      "32": 1.5,
      "2": 1.8000000720000027,
      "6": 3.0,
      "25": 1.5,
      "23": 1.5,
      "22": 1.5,
      "11": 1.5,
      "13": 1.5,
      "5": 3.0,
      "15": 1.5,
      "27": 1.5,
      "31": 1.5,
      "28": 1.5,
      "16": 1.5,
      "14": 1.5,
      "21": 1.5,
      "7": 3.0,
      "8": 3.0,
      "26": 1.5,
      "17": 1.5,
      "10": 1.5,
      "19": 1.5,
      "9": 1.5,
      "18": 1.5,
      "30": 1.5,
      "3": 3.0
    }
  },
  "network_type": "critical_path",
  "data_type": "Float64",
  "cost_analysis": {
    "initial_cost": 0.0,
    "combination_function": "max_combination",
    "node_costs": {
      "24": 180.0,
      "4": 240.0,
      "1": 210.0,
      "12": 180.0,
      "29": 180.0,
      "20": 180.0,
      "32": 180.0,
      "2": 200.000004,
      "6": 240.0,
      "25": 180.0,
      "23": 180.0,
      "22": 180.0,
      "11": 180.0,
      "13": 180.0,
      "5": 240.0,
      "15": 180.0,
      "27": 180.0,
      "31": 180.0,
      "28": 180.0,
      "16": 180.0,
      "14": 180.0,
      "21": 180.0,
      "7": 240.0,
      "8": 240.0,
      "26": 180.0,
      "17": 180.0,
      "10": 180.0,
      "19": 180.0,
      "9": 180.0,
      "18": 180.0,
      "30": 180.0,
      "3": 240.0
    },
    "analysis_type": "total_project_cost",
    "propagation_function": "additive_propagation",
    "edge_costs": {
      "(7,16)": 69.0,
      "(15,23)": 69.0,
      "(1,11)": 69.0,
      "(24,32)": 69.0,
      "(2,10)": 69.0,
      "(22,32)": 69.0,
      "(8,16)": 69.0,
      "(13,24)": 69.0,
      "(15,20)": 69.0,
      "(19,30)": 69.0,
      "(12,23)": 69.0,
      "(17,27)": 69.0,
      "(8,14)": 69.0,
      "(19,29)": 69.0,
      "(2,12)": 69.0,
      "(10,20)": 69.0,
      "(23,31)": 69.0,
      "(10,18)": 69.0,
      "(11,19)": 69.0,
      "(10,19)": 69.0,
      "(22,27)": 69.0,
      "(7,12)": 69.0,
      "(7,15)": 69.0,
      "(18,28)": 69.0,
      "(18,26)": 69.0,
      "(6,14)": 69.0,
      "(19,27)": 69.0,
      "(23,32)": 69.0,
      "(18,27)": 69.0,
      "(24,29)": 69.0,
      "(16,22)": 69.0,
      "(11,22)": 69.0,
      "(23,28)": 69.0,
      "(16,21)": 69.0,
      "(13,21)": 69.0,
      "(5,13)": 69.0,
      "(20,28)": 69.0,
      "(14,24)": 69.0,
      "(3,11)": 69.0,
      "(4,15)": 69.0,
      "(17,25)": 69.0,
      "(15,24)": 69.0,
      "(1,9)": 69.0,
      "(6,11)": 69.0,
      "(6,16)": 69.0,
      "(3,13)": 69.0,
      "(14,22)": 69.0,
      "(9,17)": 69.0,
      "(2,11)": 69.0,
      "(16,24)": 69.0,
      "(21,32)": 69.0,
      "(9,19)": 69.0,
      "(21,29)": 69.0,
      "(11,21)": 69.0,
      "(12,20)": 69.0,
      "(5,11)": 69.0,
      "(24,30)": 69.0,
      "(5,16)": 69.0,
      "(21,27)": 69.0,
      "(20,31)": 69.0,
      "(13,19)": 69.0,
      "(8,13)": 69.0,
      "(14,19)": 69.0,
      "(4,12)": 69.0,
      "(22,30)": 69.0,
      "(3,14)": 69.0
    }
  },
  "conversion_formulas": {
    "base_node_cost": 120.0,
    "base_edge_delay": 1.0,
    "delay_penalty": 3.0,
    "base_node_duration": 3.0,
    "edge_cost_penalty": 1.5,
    "base_edge_cost": 60.0,
    "cost_factor": 1.0,
    "reliability_bonus": 2.0
  },
  "description": "Critical Path Module inputs generated from reachability data for water",
  "generation_info": {
    "total_nodes": 32,
    "total_edges": 66,
    "generated_from": "reachability_data",
    "timestamp": "2025-08-24T18:46:18.427"
  }
}
