{
  "network_type": "capacity_flow",
  "data_type": "Float64",
  "conversion_formulas": {
    "reliability_bonus": 0.8,
    "base_edge_capacity": 12.0,
    "edge_multiplier": 1.5,
    "base_source_rate": 20.0,
    "base_node_capacity": 15.0
  },
  "capacities": {
    "nodes": {
      "24": 21.0,
      "4": 15.0,
      "1": 18.0,
      "12": 21.0,
      "29": 21.0,
      "20": 21.0,
      "32": 21.0,
      "2": 18.9999996,
      "6": 15.0,
      "25": 21.0,
      "23": 21.0,
      "22": 21.0,
      "11": 21.0,
      "13": 21.0,
      "5": 15.0,
      "15": 21.0,
      "27": 21.0,
      "31": 21.0,
      "28": 21.0,
      "16": 21.0,
      "14": 21.0,
      "21": 21.0,
      "7": 15.0,
      "8": 15.0,
      "26": 21.0,
      "17": 21.0,
      "10": 21.0,
      "19": 21.0,
      "9": 21.0,
      "18": 21.0,
      "30": 21.0,
      "3": 15.0
    },
    "source_rates": {
      "3": 0.0,
      "4": 0.0,
      "1": 5.0,
      "5": 0.0,
      "2": 6.666666,
      "6": 0.0,
      "7": 0.0,
      "8": 0.0
    },
    "edges": {
      "(7,16)": 16.200000000000003,
      "(15,23)": 16.200000000000003,
      "(1,11)": 16.200000000000003,
      "(24,32)": 16.200000000000003,
      "(2,10)": 16.200000000000003,
      "(22,32)": 16.200000000000003,
      "(8,16)": 16.200000000000003,
      "(13,24)": 16.200000000000003,
      "(15,20)": 16.200000000000003,
      "(19,30)": 16.200000000000003,
      "(12,23)": 16.200000000000003,
      "(17,27)": 16.200000000000003,
      "(8,14)": 16.200000000000003,
      "(19,29)": 16.200000000000003,
      "(2,12)": 16.200000000000003,
      "(10,20)": 16.200000000000003,
      "(23,31)": 16.200000000000003,
      "(10,18)": 16.200000000000003,
      "(11,19)": 16.200000000000003,
      "(10,19)": 16.200000000000003,
      "(22,27)": 16.200000000000003,
      "(7,12)": 16.200000000000003,
      "(7,15)": 16.200000000000003,
      "(18,28)": 16.200000000000003,
      "(18,26)": 16.200000000000003,
      "(6,14)": 16.200000000000003,
      "(19,27)": 16.200000000000003,
      "(23,32)": 16.200000000000003,
      "(18,27)": 16.200000000000003,
      "(24,29)": 16.200000000000003,
      "(16,22)": 16.200000000000003,
      "(11,22)": 16.200000000000003,
      "(23,28)": 16.200000000000003,
      "(16,21)": 16.200000000000003,
      "(13,21)": 16.200000000000003,
      "(5,13)": 16.200000000000003,
      "(20,28)": 16.200000000000003,
      "(14,24)": 16.200000000000003,
      "(3,11)": 16.200000000000003,
      "(4,15)": 16.200000000000003,
      "(17,25)": 16.200000000000003,
      "(15,24)": 16.200000000000003,
      "(1,9)": 16.200000000000003,
      "(6,11)": 16.200000000000003,
      "(6,16)": 16.200000000000003,
      "(3,13)": 16.200000000000003,
      "(14,22)": 16.200000000000003,
      "(9,17)": 16.200000000000003,
      "(2,11)": 16.200000000000003,
      "(16,24)": 16.200000000000003,
      "(21,32)": 16.200000000000003,
      "(9,19)": 16.200000000000003,
      "(21,29)": 16.200000000000003,
      "(11,21)": 16.200000000000003,
      "(12,20)": 16.200000000000003,
      "(5,11)": 16.200000000000003,
      "(24,30)": 16.200000000000003,
      "(5,16)": 16.200000000000003,
      "(21,27)": 16.200000000000003,
      "(20,31)": 16.200000000000003,
      "(13,19)": 16.200000000000003,
      "(8,13)": 16.200000000000003,
      "(14,19)": 16.200000000000003,
      "(4,12)": 16.200000000000003,
      "(22,30)": 16.200000000000003,
      "(3,14)": 16.200000000000003
    }
  },
  "description": "Capacity analysis inputs generated from reachability data for water",
  "generation_info": {
    "total_nodes": 32,
    "total_edges": 66,
    "generated_from": "reachability_data",
    "timestamp": "2025-08-24T17:02:17.166",
    "source_nodes_count": 8
  }
}
