{
  "links": {
    "(49,50)": 0.8599239318735638,
    "(77,78)": 0.8857364738752503,
    "(9,10)": 0.7791690668611261,
    "(2,10)": 0.893146649237224,
    "(17,14)": 0.7982866428146029,
    "(62,61)": 0.8337879361104499,
    "(83,90)": 0.7545056507622007,
    "(40,37)": 0.8912219949047602,
    "(86,83)": 0.8816961543353968,
    "(8,12)": 0.8740904110767427,
    "(32,33)": 0.8073800656063606,
    "(88,91)": 0.7742390504557007,
    "(112,113)": 0.9091983388011945,
    "(8,9)": 0.7531746899660966,
    "(45,47)": 0.9315737730584889,
    "(25,33)": 0.7891462839792152,
    "(45,46)": 0.8888557682113987,
    "(95,96)": 0.8104681963969824,
    "(67,68)": 0.7890484561270354,
    "(61,59)": 0.7967678656415086,
    "(94,98)": 0.8814127882020817,
    "(14,21)": 0.8717007310340326,
    "(12,11)": 0.8217076845356355,
    "(89,90)": 0.8414249512542401,
    "(54,58)": 0.8795291307014935,
    "(41,39)": 0.8187699758321182,
    "(101,102)": 0.8233777400337172,
    "(109,106)": 0.7836231035871554,
    "(90,107)": 0.885952799786135,
    "(100,101)": 0.8596733945280324,
    "(63,60)": 0.8880836573013349,
    "(22,23)": 0.8521140585090433,
    "(22,24)": 0.7618002216325701,
    "(47,48)": 0.8299451723814664,
    "(71,72)": 0.846336989932587,
    "(53,54)": 0.8978669415123942,
    "(35,34)": 0.7644913720559936,
    "(76,77)": 0.7872904090821762,
    "(94,95)": 0.7939791257537879,
    "(31,32)": 0.8673789646882982,
    "(11,19)": 0.8422814279431609,
    "(37,44)": 0.8123103913467815,
    "(111,112)": 0.8389181726648142,
    "(108,107)": 0.775995631586897,
    "(107,105)": 0.8510737170111264,
    "(90,91)": 0.7903266351734989,
    "(18,16)": 0.759917473580986,
    "(46,53)": 0.80342905715011,
    "(25,26)": 0.8522573656859673,
    "(110,108)": 0.8054924082616948,
    "(58,57)": 0.8805363674835192,
    "(38,36)": 0.95,
    "(93,94)": 0.8949313077478163,
    "(75,74)": 0.8240985937672548,
    "(71,75)": 0.8586742060676186,
    "(54,55)": 0.8912251358378261,
    "(103,111)": 0.7894552654772772,
    "(65,66)": 0.7666726382272244,
    "(2,6)": 0.7593847100753264,
    "(87,85)": 0.9219718922679697,
    "(52,51)": 0.8105970783082209,
    "(2,3)": 0.8557221487284218,
    "(28,36)": 0.95,
    "(39,38)": 0.8829917964668675,
    "(48,52)": 0.887517696733917,
    "(113,114)": 0.8894231324938517,
    "(81,80)": 0.822125430956198,
    "(69,76)": 0.95,
    "(26,27)": 0.8650098857966817,
    "(66,67)": 0.798967386243751,
    "(72,73)": 0.8323189449690441,
    "(96,97)": 0.8528191806121833,
    "(4,5)": 0.8575684353388923,
    "(64,62)": 0.8069960739008109,
    "(42,43)": 0.886361255584156,
    "(25,29)": 0.7520136287752227,
    "(94,102)": 0.87041647201952,
    "(102,103)": 0.8822421971096761,
    "(114,115)": 0.8930375335642202,
    "(57,65)": 0.8506913318243612,
    "(5,13)": 0.8259002514922802,
    "(99,100)": 0.8906290550352755,
    "(78,79)": 0.8373294413870683,
    "(7,8)": 0.8939484767078,
    "(48,49)": 0.7605106609813003,
    "(60,67)": 0.8052981747628767,
    "(24,25)": 0.8732014524155927,
    "(16,17)": 0.7837884709725789,
    "(21,22)": 0.778195435914377,
    "(79,80)": 0.778981232647522,
    "(88,89)": 0.8979646742920954,
    "(71,79)": 0.8528391733760533,
    "(3,4)": 0.9290215325630483,
    "(92,99)": 0.8399447090053992,
    "(43,44)": 0.8851249471956035,
    "(85,86)": 0.7589797051478383,
    "(6,5)": 0.8101686793484708,
    "(30,31)": 0.8304421652317985,
    "(29,28)": 0.7690259365400859,
    "(62,63)": 0.9323110688461312,
    "(59,60)": 0.763977408732819,
    "(51,59)": 0.8624728646313241,
    "(97,105)": 0.8072105853998177,
    "(48,56)": 0.7772168237017387,
    "(68,69)": 0.8519680138846891,
    "(80,88)": 0.870087060606155,
    "(19,20)": 0.8346756662956754,
    "(44,45)": 0.7508386850896452,
    "(73,74)": 0.8261433484474606,
    "(1,2)": 0.8957509825788721,
    "(98,97)": 0.7955403709705102,
    "(13,14)": 0.8490325485536581,
    "(111,114)": 0.7512226838405075,
    "(104,103)": 0.885736306668264,
    "(31,35)": 0.8567134091507036,
    "(44,61)": 0.8802603651641588,
    "(50,51)": 0.8248069765701093,
    "(77,81)": 0.7931209580204881,
    "(85,84)": 0.95,
    "(21,38)": 0.794956072343654,
    "(42,45)": 0.8480539793588185,
    "(36,37)": 0.7935569442484421,
    "(65,68)": 0.8731659692355959,
    "(15,13)": 0.7964677605314902,
    "(105,106)": 0.8055662266719252,
    "(108,109)": 0.7867628544453752,
    "(82,83)": 0.8202308876251257,
    "(34,42)": 0.8860280052528069,
    "(56,57)": 0.8692125269326025,
    "(84,82)": 0.8370707412437081,
    "(68,70)": 0.8135423694113291,
    "(16,15)": 0.929899976267944,
    "(74,82)": 0.7504767309571977,
    "(27,28)": 0.8562977899975572,
    "(106,113)": 0.9157995976327861,
    "(70,71)": 0.8890039544620765,
    "(23,30)": 0.8092565367221781,
    "(91,93)": 0.7888018784730851,
    "(10,11)": 0.7604754175904299,
    "(33,34)": 0.7694655020074964,
    "(39,40)": 0.8507058070098352,
    "(55,56)": 0.8000171860724865,
    "(19,22)": 0.8543375073746723,
    "(91,92)": 0.8135410817334354,
    "(100,104)": 0.8288305337625657,
    "(67,84)": 0.8909727993183599,
    "(20,21)": 0.843653359361033
  },
  "data_type": "Float64",
  "serialization": "compact",
  "description": "Edge reliability based on drone transport distance analysis"
}
