{
  "links": {
    "(7,16)": 0.7240268488541746,
    "(4,10)": 0.7579347447303227,
    "(7,11)": 0.695268328933531,
    "(7,12)": 0.6883405493735197,
    "(3,8)": 0.6694341136935129,
    "(6,13)": 0.7851428942006629,
    "(2,8)": 0.6214418440716185,
    "(8,16)": 0.7218862184790529,
    "(6,14)": 0.7943859169081815,
    "(4,14)": 0.7085412239110045,
    "(6,15)": 0.7696318786372065,
    "(4,16)": 0.7225926782653411,
    "(8,12)": 0.6964085171983857,
    "(2,7)": 0.7251495327136931,
    "(8,10)": 0.7211011950059478,
    "(4,15)": 0.7328611979453236,
    "(5,11)": 0.6825090684063357,
    "(2,6)": 0.6187810178403438,
    "(5,16)": 0.7335813645661892,
    "(3,7)": 0.6420750985019175,
    "(5,9)": 0.6650030824746768,
    "(3,4)": 0.8370641157646553,
    "(3,6)": 0.6833581701861553,
    "(5,12)": 0.7235547425363422,
    "(2,4)": 0.63307950346458,
    "(1,6)": 0.6969728666924471,
    "(2,5)": 0.7856608971708605,
    "(7,14)": 0.68568947133185,
    "(8,14)": 0.679839968647499,
    "(6,12)": 0.7416524144385086,
    "(1,7)": 0.707809043375748,
    "(3,5)": 0.8453879781385043,
    "(1,4)": 0.8188426749856963,
    "(1,5)": 0.8198961695933799,
    "(1,8)": 0.7726462443379979
  },
  "data_type": "Float64",
  "serialization": "compact",
  "description": "Link/edge probabilities for network analysis"
}
