{
  "links": {
    "(49,50)": 0.947609747750896,
    "(77,78)": 0.9484007629647374,
    "(9,10)": 0.9237772938957417,
    "(62,61)": 0.8521032086369835,
    "(83,90)": 0.9469520333629677,
    "(8,12)": 0.9002636986345143,
    "(8,9)": 0.853216715470143,
    "(95,96)": 0.8702081135366178,
    "(67,68)": 0.8868479899255777,
    "(94,98)": 0.9477892562748469,
    "(12,11)": 0.9119895353665723,
    "(89,90)": 0.8653448714415434,
    "(54,58)": 0.8879929527088873,
    "(41,39)": 0.9095480817070644,
    "(127,126)": 0.8536776810088211,
    "(90,107)": 0.8068810652989261,
    "(131,132)": 0.9027348460443436,
    "(123,124)": 0.8662097085364369,
    "(135,136)": 0.8946960077582669,
    "(47,48)": 0.9489488343683239,
    "(71,72)": 0.8611502206201382,
    "(94,95)": 0.8691488994902884,
    "(35,34)": 0.8700519944747496,
    "(76,77)": 0.9459763262461299,
    "(31,32)": 0.939251456360348,
    "(90,91)": 0.923910953881888,
    "(117,121)": 0.8567675813624116,
    "(133,131)": 0.8501305169748241,
    "(46,53)": 0.8764574733137145,
    "(25,26)": 0.9265241844260208,
    "(38,36)": 0.8792367959131965,
    "(93,94)": 0.914888914217229,
    "(134,137)": 0.8920986368201504,
    "(103,111)": 0.9329353197972207,
    "(54,55)": 0.9337677524604249,
    "(65,66)": 0.8741610006579881,
    "(2,6)": 0.8578141364816676,
    "(52,51)": 0.9288863369701772,
    "(2,3)": 0.8844297722199538,
    "(28,36)": 0.9113635717562107,
    "(39,38)": 0.9029581334847085,
    "(48,52)": 0.9337677257550522,
    "(26,27)": 0.9222708763018291,
    "(66,67)": 0.8544695628240254,
    "(4,5)": 0.8822435575187743,
    "(42,43)": 0.9189231269805863,
    "(94,102)": 0.8612766532495811,
    "(102,103)": 0.8627460726637135,
    "(57,65)": 0.8787348706330735,
    "(5,13)": 0.8934993745610971,
    "(136,137)": 0.93878804687732,
    "(99,100)": 0.8911522505557439,
    "(48,49)": 0.9239087644488541,
    "(60,67)": 0.9043626518472833,
    "(16,17)": 0.8641479135147876,
    "(21,22)": 0.9026969913227106,
    "(92,99)": 0.8146466360839726,
    "(71,79)": 0.918458330202676,
    "(85,86)": 0.9022736110698408,
    "(30,31)": 0.9116273247602302,
    "(62,63)": 0.894184352460123,
    "(59,60)": 0.8655577523090754,
    "(48,56)": 0.8649822490937152,
    "(68,69)": 0.8767388447416207,
    "(80,88)": 0.9143892351067704,
    "(19,20)": 0.9319729842128457,
    "(44,45)": 0.8937947067361177,
    "(73,74)": 0.8640004551671248,
    "(1,2)": 0.9133481493493311,
    "(111,114)": 0.9264701778164126,
    "(104,103)": 0.8875802634083156,
    "(31,35)": 0.9078839865749551,
    "(44,61)": 0.849091315090848,
    "(77,81)": 0.8934264359597057,
    "(42,45)": 0.8842663044385212,
    "(36,37)": 0.9149368818005659,
    "(115,122)": 0.8067153707591141,
    "(122,123)": 0.9463911481493943,
    "(105,106)": 0.8534153332906177,
    "(108,109)": 0.8865803829489131,
    "(134,135)": 0.9307520273654466,
    "(84,82)": 0.8990022671313751,
    "(106,113)": 0.9138121326560606,
    "(70,71)": 0.9307513097055874,
    "(39,40)": 0.8901785675189169,
    "(55,56)": 0.9061513537085357,
    "(100,104)": 0.8624513997897623,
    "(2,10)": 0.9197554796839617,
    "(17,14)": 0.9010984733490748,
    "(40,37)": 0.8959055001862769,
    "(86,83)": 0.9181376324264727,
    "(32,33)": 0.9367479167419603,
    "(88,91)": 0.9243325599378395,
    "(112,113)": 0.9488081314236281,
    "(132,129)": 0.9042656731596976,
    "(45,47)": 0.8388097656665893,
    "(25,33)": 0.9486134465456943,
    "(45,46)": 0.8738592758724005,
    "(61,59)": 0.908170349669942,
    "(14,21)": 0.8805532712127389,
    "(126,134)": 0.8888931902377073,
    "(109,106)": 0.8687291773780036,
    "(101,102)": 0.9020541474824977,
    "(121,120)": 0.8559315472726261,
    "(100,101)": 0.9182376003376724,
    "(63,60)": 0.9165623401954814,
    "(22,23)": 0.9389967711000964,
    "(22,24)": 0.8652346396138946,
    "(53,54)": 0.9272741287354791,
    "(11,19)": 0.877920412228926,
    "(37,44)": 0.9030166073246957,
    "(111,112)": 0.8651095301965254,
    "(108,107)": 0.9037974411250257,
    "(107,105)": 0.8991113133974433,
    "(18,16)": 0.9065112322577027,
    "(137,138)": 0.9073831165219548,
    "(116,117)": 0.9109331594027106,
    "(110,108)": 0.8896924812425219,
    "(58,57)": 0.9156155751925869,
    "(129,136)": 0.892601627675067,
    "(131,130)": 0.9144280354033475,
    "(75,74)": 0.9119349605008296,
    "(130,128)": 0.9310612764992259,
    "(71,75)": 0.8762401678872366,
    "(87,85)": 0.9499939395285882,
    "(117,125)": 0.910861239026343,
    "(113,114)": 0.8558803458322899,
    "(119,120)": 0.8802665615354163,
    "(69,76)": 0.8168803755246978,
    "(81,80)": 0.932694017419916,
    "(72,73)": 0.8929737187791764,
    "(96,97)": 0.9317809211343183,
    "(64,62)": 0.8652935272095309,
    "(128,129)": 0.9189857707007901,
    "(25,29)": 0.8699368783754369,
    "(114,115)": 0.91894675413581,
    "(125,126)": 0.8995696677696037,
    "(78,79)": 0.8928124267782158,
    "(7,8)": 0.9096048007947513,
    "(24,25)": 0.9287939569913412,
    "(79,80)": 0.9423447243681173,
    "(117,118)": 0.8875875664879361,
    "(88,89)": 0.8777569187135733,
    "(3,4)": 0.9285868013689978,
    "(43,44)": 0.8913287737140805,
    "(6,5)": 0.94426170278143,
    "(118,119)": 0.8826935883746843,
    "(29,28)": 0.9408144227660589,
    "(97,105)": 0.8562999173064494,
    "(51,59)": 0.9369552782640749,
    "(123,127)": 0.9394749684465045,
    "(98,97)": 0.8537211068193631,
    "(13,14)": 0.9066018585209447,
    "(124,125)": 0.9000838055693057,
    "(120,128)": 0.9438541285685713,
    "(50,51)": 0.9437991569911783,
    "(85,84)": 0.9375117264120985,
    "(65,68)": 0.9161198801270218,
    "(15,13)": 0.8657876019241305,
    "(82,83)": 0.8661291121478704,
    "(34,42)": 0.8745864236179545,
    "(56,57)": 0.9287693840999673,
    "(68,70)": 0.8593500495583548,
    "(16,15)": 0.8899161416097443,
    "(74,82)": 0.942620156030002,
    "(27,28)": 0.9258207921899482,
    "(23,30)": 0.8952163144795469,
    "(91,93)": 0.8312062877580926,
    "(10,11)": 0.8659047361404653,
    "(114,116)": 0.8888265346508426,
    "(33,34)": 0.9390747718605775,
    "(19,22)": 0.8795819580705866,
    "(91,92)": 0.9008497755842783,
    "(67,84)": 0.8005405946966713,
    "(20,21)": 0.8917890371124634
  },
  "data_type": "Float64",
  "serialization": "compact",
  "description": "Link probabilities for scaled power network connections"
}
