{
  "network_type": "capacity_flow",
  "data_type": "Float64",
  "conversion_formulas": {
    "reliability_bonus": 0.8,
    "base_edge_capacity": 12.0,
    "edge_multiplier": 1.5,
    "base_source_rate": 20.0,
    "base_node_capacity": 15.0
  },
  "capacities": {
    "nodes": {
      "24": 25.800000000000004,
      "4": 25.800000000000004,
      "1": 25.800000000000004,
      "12": 25.800000000000004,
      "20": 25.800000000000004,
      "2": 25.800000000000004,
      "6": 25.800000000000004,
      "25": 25.800000000000004,
      "23": 25.800000000000004,
      "22": 25.800000000000004,
      "11": 25.800000000000004,
      "13": 25.800000000000004,
      "5": 25.800000000000004,
      "15": 25.800000000000004,
      "16": 25.800000000000004,
      "14": 25.800000000000004,
      "21": 25.800000000000004,
      "7": 25.800000000000004,
      "8": 25.800000000000004,
      "17": 25.800000000000004,
      "10": 25.800000000000004,
      "19": 25.800000000000004,
      "9": 25.800000000000004,
      "18": 25.800000000000004,
      "3": 25.800000000000004
    },
    "source_rates": {
      "1": 18.0,
      "21": 18.0,
      "23": 18.0
    },
    "edges": {
      "(9,4)": 16.200000000000003,
      "(12,17)": 16.200000000000003,
      "(17,18)": 16.200000000000003,
      "(16,11)": 16.200000000000003,
      "(8,3)": 16.200000000000003,
      "(9,10)": 16.200000000000003,
      "(19,24)": 16.200000000000003,
      "(7,12)": 16.200000000000003,
      "(22,17)": 16.200000000000003,
      "(18,13)": 16.200000000000003,
      "(18,19)": 16.200000000000003,
      "(7,8)": 16.200000000000003,
      "(20,15)": 16.200000000000003,
      "(2,7)": 16.200000000000003,
      "(24,25)": 16.200000000000003,
      "(16,17)": 16.200000000000003,
      "(8,9)": 16.200000000000003,
      "(14,15)": 16.200000000000003,
      "(23,22)": 16.200000000000003,
      "(21,22)": 16.200000000000003,
      "(23,18)": 16.200000000000003,
      "(6,11)": 16.200000000000003,
      "(2,3)": 16.200000000000003,
      "(3,4)": 16.200000000000003,
      "(13,8)": 16.200000000000003,
      "(19,14)": 16.200000000000003,
      "(21,16)": 16.200000000000003,
      "(15,10)": 16.200000000000003,
      "(12,13)": 16.200000000000003,
      "(10,5)": 16.200000000000003,
      "(14,9)": 16.200000000000003,
      "(1,6)": 16.200000000000003,
      "(4,5)": 16.200000000000003,
      "(23,24)": 16.200000000000003,
      "(6,7)": 16.200000000000003,
      "(19,20)": 16.200000000000003,
      "(20,25)": 16.200000000000003,
      "(1,2)": 16.200000000000003,
      "(11,12)": 16.200000000000003,
      "(13,14)": 16.200000000000003
    }
  },
  "description": "Capacity analysis inputs generated from reachability data for grid-graph-5x5",
  "generation_info": {
    "total_nodes": 25,
    "total_edges": 40,
    "generated_from": "reachability_data",
    "timestamp": "2025-08-24T17:02:16.927",
    "source_nodes_count": 3
  }
}
