{
  "nodes": {
    "32": 0.9243407375372876,
    "29": 0.7899032958520237,
    "81": 0.928939267806955,
    "54": 0.8921523627109206,
    "78": 0.9202869942663638,
    "1": 0.828137636441432,
    "2": 0.7698414921600268,
    "74": 0.8937810806675156,
    "41": 0.9145321986445827,
    "65": 0.9070369479228452,
    "53": 0.8320822567016688,
    "51": 0.8186887154636266,
    "27": 0.7674457360247756,
    "75": 0.8022773151332411,
    "42": 0.9465485766381375,
    "33": 0.9265369983071053,
    "28": 0.8491485045448116,
    "52": 0.8558086632737769,
    "50": 0.7560350359528906,
    "63": 0.9296341865244101,
    "92": 0.921756403020523,
    "88": 0.9154721818734298,
    "26": 0.7688683035094829,
    "10": 0.9152939892377447,
    "77": 0.8212454696832776,
    "87": 0.9161154803213616,
    "24": 0.7597644835846191,
    "58": 0.9171693209550288,
    "25": 0.7947725270734843,
    "23": 0.9467340979682202,
    "49": 0.8918669741982126,
    "59": 0.9489618539500415,
    "5": 0.8278927761113285,
    "31": 0.8598330348286367,
    "89": 0.9178799387731009,
    "62": 0.9247932596422155,
    "43": 0.9348117803252376,
    "90": 0.9370293414279186,
    "39": 0.9000987433270241,
    "34": 0.9452903374925147,
    "44": 0.9187715224832409,
    "55": 0.9226594529279499,
    "86": 0.9293505834319838,
    "17": 0.9128102694350041,
    "71": 0.8034623240292802,
    "37": 0.9014899654022205,
    "47": 0.8633996772373141,
    "9": 0.9287042240757944,
    "73": 0.794152845000492,
    "82": 0.9292434055198663,
    "12": 0.9204488622531579,
    "79": 0.916896690300201,
    "20": 0.9467066791319293,
    "6": 0.8290596512016768,
    "84": 0.9026161779861698,
    "80": 0.9019621763291271,
    "70": 0.8755746879453039,
    "14": 0.9448836988357859,
    "7": 0.8412276838357203,
    "57": 0.9458792291119903,
    "8": 0.8938578927616246,
    "64": 0.9421126515224904,
    "19": 0.9139508176689441,
    "91": 0.9068367962262288,
    "69": 0.9130987810910299,
    "60": 0.9135891970190905,
    "4": 0.7637791665519471,
    "22": 0.9137929602208864,
    "11": 0.9348959809467507,
    "35": 0.9342883015064797,
    "13": 0.9435501709148703,
    "67": 0.9066980567806843,
    "61": 0.9336321197076991,
    "15": 0.9239280762590709,
    "16": 0.9433017815727177,
    "40": 0.9096869885791375,
    "46": 0.944794770044911,
    "21": 0.9190874012235055,
    "38": 0.9258889653576581,
    "72": 0.8209299130762202,
    "83": 0.9040943435050577,
    "45": 0.9397539175617978,
    "68": 0.9236785698990422,
    "56": 0.9431658904769675,
    "36": 0.9129446438030533,
    "66": 0.9271276456648431,
    "76": 0.7764273566572012,
    "85": 0.918003053082835,
    "48": 0.786343576873966,
    "18": 0.9389410421072876,
    "30": 0.8713092149252409,
    "3": 0.8044180850068113
  },
  "data_type": "Float64",
  "serialization": "compact",
  "description": "Node prior probabilities for scaled power network"
}
