{
  "links": {
    "(49,50)": 0.8509926471724206,
    "(77,78)": 0.8714998219283712,
    "(9,10)": 0.8535709541925394,
    "(2,10)": 0.8540923026837963,
    "(17,14)": 0.9334551664686948,
    "(62,61)": 0.869819481382002,
    "(83,90)": 0.9360975418323167,
    "(40,37)": 0.8629998285421189,
    "(86,83)": 0.9079933480466854,
    "(8,12)": 0.908245845436273,
    "(32,33)": 0.8665421069262377,
    "(88,91)": 0.8507498394650062,
    "(8,9)": 0.9185036482126543,
    "(45,46)": 0.8865743580618938,
    "(61,59)": 0.8760932379182476,
    "(45,47)": 0.8298093605391312,
    "(67,68)": 0.8944191353144849,
    "(25,33)": 0.8803832859508576,
    "(14,21)": 0.9011700438843597,
    "(12,11)": 0.904624334545334,
    "(89,90)": 0.918922863822671,
    "(54,58)": 0.930598443241847,
    "(41,39)": 0.8974538467088227,
    "(63,60)": 0.8722251373768701,
    "(22,23)": 0.8991414886772977,
    "(22,24)": 0.8884561918643237,
    "(47,48)": 0.8691739853760653,
    "(71,72)": 0.8706613644680624,
    "(53,54)": 0.9432893154662296,
    "(76,77)": 0.8633337838883561,
    "(31,32)": 0.9332743630125628,
    "(90,91)": 0.8731242068437062,
    "(35,34)": 0.8823526842650378,
    "(11,19)": 0.870949689404201,
    "(37,44)": 0.939240856163526,
    "(18,16)": 0.8500171078072583,
    "(46,53)": 0.8852164088971533,
    "(25,26)": 0.9142161543901752,
    "(58,57)": 0.8760150547166601,
    "(38,36)": 0.9300823947279546,
    "(75,74)": 0.8631242351551606,
    "(71,75)": 0.9281689830516707,
    "(54,55)": 0.8703248514545665,
    "(2,6)": 0.8647519960532589,
    "(52,51)": 0.9231154785868042,
    "(87,85)": 0.8668540701264899,
    "(65,66)": 0.9250391163059245,
    "(2,3)": 0.9012495670625629,
    "(28,36)": 0.9365881595451558,
    "(39,38)": 0.8583192399111644,
    "(48,52)": 0.9150609873268581,
    "(81,80)": 0.8877052571905082,
    "(69,76)": 0.8334703773022983,
    "(26,27)": 0.9054730837063787,
    "(66,67)": 0.8928462138000685,
    "(72,73)": 0.9348237865439568,
    "(4,5)": 0.9310325092217011,
    "(64,62)": 0.9144526423847927,
    "(42,43)": 0.8933444194558573,
    "(25,29)": 0.8611239944616019,
    "(57,65)": 0.901056777429759,
    "(5,13)": 0.8510292963720901,
    "(78,79)": 0.8665231886747922,
    "(7,8)": 0.9200090426650329,
    "(48,49)": 0.902030506870223,
    "(60,67)": 0.9205432263795007,
    "(24,25)": 0.8752072322617368,
    "(16,17)": 0.8803286781032755,
    "(21,22)": 0.90201518650697,
    "(79,80)": 0.878903830839411,
    "(88,89)": 0.9441749656746629,
    "(71,79)": 0.9072189693608543,
    "(3,4)": 0.9345385946616047,
    "(43,44)": 0.9251534299570594,
    "(6,5)": 0.8530023191542522,
    "(85,86)": 0.8754757464987557,
    "(30,31)": 0.9237527210221926,
    "(29,28)": 0.9433232479746962,
    "(62,63)": 0.876778045988051,
    "(59,60)": 0.9232913684564833,
    "(51,59)": 0.9130438866662285,
    "(48,56)": 0.9178331345429324,
    "(68,69)": 0.9443207625011759,
    "(19,20)": 0.9427818674084075,
    "(44,45)": 0.8913150915324409,
    "(73,74)": 0.855123250134957,
    "(80,88)": 0.9064797371642043,
    "(1,2)": 0.8974565536016272,
    "(13,14)": 0.890584267826912,
    "(31,35)": 0.9115478444518565,
    "(77,81)": 0.868554363887245,
    "(50,51)": 0.8624539826253257,
    "(85,84)": 0.923604408403789,
    "(21,38)": 0.8306012682164997,
    "(42,45)": 0.9000193659973995,
    "(36,37)": 0.8633928889930784,
    "(65,68)": 0.9413775486250149,
    "(15,13)": 0.9111681979676269,
    "(82,83)": 0.8647820592937655,
    "(34,42)": 0.881746221584174,
    "(56,57)": 0.9051877525512888,
    "(84,82)": 0.8825206406229422,
    "(68,70)": 0.8918310026443584,
    "(74,82)": 0.8740089708856428,
    "(16,15)": 0.9154310217979804,
    "(27,28)": 0.8884786924562167,
    "(70,71)": 0.9277737065562088,
    "(23,30)": 0.87942271211388,
    "(10,11)": 0.9490076384754361,
    "(33,34)": 0.8968137107792412,
    "(39,40)": 0.9197105434219354,
    "(55,56)": 0.9371108472186889,
    "(19,22)": 0.8736732781282397,
    "(91,92)": 0.8903997136824396,
    "(67,84)": 0.8636971479266288,
    "(20,21)": 0.8600899919679805
  },
  "data_type": "Float64",
  "serialization": "compact",
  "description": "Link probabilities for scaled power network connections"
}
