{
  "network_type": "capacity_flow",
  "data_type": "Float64",
  "conversion_formulas": {
    "reliability_bonus": 0.8,
    "base_edge_capacity": 12.0,
    "edge_multiplier": 1.5,
    "base_source_rate": 20.0,
    "base_node_capacity": 15.0
  },
  "capacities": {
    "nodes": {
      "24": 25.080000000000002,
      "4": 25.560000000000002,
      "1": 26.4,
      "12": 25.44,
      "29": 25.560000000000002,
      "20": 25.560000000000002,
      "32": 25.080000000000002,
      "2": 26.28,
      "6": 25.44,
      "25": 25.680000000000003,
      "23": 25.320000000000004,
      "22": 25.44,
      "11": 25.560000000000002,
      "35": 26.040000000000003,
      "13": 25.200000000000003,
      "5": 25.200000000000003,
      "15": 25.320000000000004,
      "27": 25.44,
      "31": 25.320000000000004,
      "33": 24.96,
      "28": 25.680000000000003,
      "16": 24.840000000000003,
      "14": 24.96,
      "21": 25.200000000000003,
      "7": 25.680000000000003,
      "34": 26.160000000000004,
      "8": 25.320000000000004,
      "36": 26.160000000000004,
      "26": 25.560000000000002,
      "17": 25.800000000000004,
      "10": 26.040000000000003,
      "19": 25.560000000000002,
      "37": 26.76,
      "9": 25.080000000000002,
      "18": 25.800000000000004,
      "30": 25.200000000000003,
      "3": 26.52
    },
    "source_rates": {
      "37": 19.6,
      "14": 16.599999999999998
    },
    "edges": {
      "(14,33)": 15.120000000000001,
      "(1,17)": 12.96,
      "(3,29)": 13.86,
      "(36,3)": 16.02,
      "(7,31)": 14.22,
      "(22,8)": 15.66,
      "(2,21)": 13.5,
      "(31,12)": 14.580000000000002,
      "(17,10)": 12.419999999999998,
      "(30,13)": 14.22,
      "(33,15)": 14.04,
      "(26,5)": 14.76,
      "(19,6)": 14.04,
      "(1,19)": 14.76,
      "(2,20)": 14.400000000000002,
      "(6,27)": 14.939999999999998,
      "(8,23)": 15.84,
      "(18,4)": 13.680000000000001,
      "(20,6)": 14.580000000000002,
      "(27,11)": 14.400000000000002,
      "(9,24)": 15.48,
      "(34,1)": 15.84,
      "(32,7)": 13.5,
      "(1,18)": 14.04,
      "(24,16)": 14.939999999999998,
      "(14,22)": 16.02,
      "(37,36)": 17.28,
      "(23,9)": 15.48,
      "(37,35)": 17.099999999999998,
      "(11,26)": 15.120000000000001,
      "(25,5)": 15.299999999999999,
      "(37,34)": 17.46,
      "(3,28)": 13.14,
      "(14,32)": 15.48,
      "(29,12)": 13.680000000000001,
      "(12,30)": 14.580000000000002,
      "(28,11)": 13.86,
      "(21,32)": 13.319999999999999,
      "(6,25)": 15.299999999999999,
      "(35,2)": 15.66
    }
  },
  "description": "Capacity analysis inputs generated from reachability data for mlgw-gas-network",
  "generation_info": {
    "total_nodes": 37,
    "total_edges": 40,
    "generated_from": "reachability_data",
    "timestamp": "2025-08-24T17:02:17.056",
    "source_nodes_count": 2
  }
}
