{
  "nodes": {
    "32": 0.9308155907604847,
    "29": 0.848805441831271,
    "1": 0.889903314397374,
    "12": 0.9331339307419141,
    "20": 0.9243988973480363,
    "2": 0.8384088418740301,
    "6": 0.8571845336592405,
    "41": 0.9284978866873774,
    "27": 0.7656418464784788,
    "42": 0.9041998478501181,
    "33": 0.9035041050693855,
    "28": 0.8473089571718395,
    "14": 0.9075193936285386,
    "7": 0.890084580422216,
    "8": 0.8694365589348603,
    "26": 0.7996331741993316,
    "10": 0.9019579418387329,
    "19": 0.9437181416362037,
    "24": 0.8694905684685891,
    "4": 0.8543312697880568,
    "25": 0.759232551765667,
    "23": 0.932700912079509,
    "22": 0.940038788575847,
    "11": 0.9440622563223515,
    "35": 0.9243298894213313,
    "13": 0.9251439760820774,
    "5": 0.7829447796588623,
    "31": 0.8970029071301672,
    "15": 0.9470274681003115,
    "43": 0.9359180875477036,
    "16": 0.9335522660199614,
    "39": 0.9098851252378181,
    "40": 0.9171885709720068,
    "46": 0.9060207192329107,
    "21": 0.9165480359342442,
    "38": 0.9290480901907793,
    "34": 0.9284236479207093,
    "44": 0.9055824247736928,
    "45": 0.9328718305633694,
    "36": 0.9244108179386926,
    "17": 0.9119470245337794,
    "37": 0.9472763142666714,
    "18": 0.9197224784387468,
    "9": 0.9375745878784615,
    "30": 0.7849771171861248,
    "3": 0.8178387384724138
  },
  "data_type": "Float64",
  "serialization": "compact",
  "description": "Node prior probabilities for scaled power network"
}
