{
  "links": {
    "(9,10)": 0.9494118328723009,
    "(5,13)": 0.8899027051588209,
    "(2,10)": 0.8875065552822161,
    "(17,14)": 0.8977745754379842,
    "(7,8)": 0.8990530735049528,
    "(40,37)": 0.8513410706757911,
    "(8,12)": 0.929325960581798,
    "(32,33)": 0.8997058211037865,
    "(16,17)": 0.8520685336899263,
    "(24,25)": 0.9450347372301944,
    "(8,9)": 0.8634790690005321,
    "(45,46)": 0.8938342155799528,
    "(25,33)": 0.8809474494712294,
    "(21,22)": 0.9074570901159577,
    "(14,21)": 0.8803573612335047,
    "(3,4)": 0.9168461657919633,
    "(12,11)": 0.9412031584956615,
    "(43,44)": 0.8755168879513874,
    "(6,5)": 0.8550486961158441,
    "(41,39)": 0.9061696564816561,
    "(30,31)": 0.8987632348598662,
    "(29,28)": 0.8790463346209518,
    "(19,20)": 0.8644552410689952,
    "(44,45)": 0.9013759284898454,
    "(1,2)": 0.9155144223947974,
    "(22,24)": 0.8475934766197267,
    "(13,14)": 0.87212207147478,
    "(22,23)": 0.8503730939418125,
    "(31,35)": 0.8732160213867349,
    "(35,34)": 0.9027087402567213,
    "(31,32)": 0.9496416324071051,
    "(11,19)": 0.917760943552493,
    "(37,44)": 0.8799661504306204,
    "(21,38)": 0.8395321612821084,
    "(18,16)": 0.947051025280091,
    "(42,45)": 0.8655277228212118,
    "(36,37)": 0.8725261317797626,
    "(25,26)": 0.8987455894961303,
    "(38,36)": 0.8720060440120784,
    "(15,13)": 0.9324600464637575,
    "(34,42)": 0.8688671441456147,
    "(2,6)": 0.9339870094199777,
    "(2,3)": 0.87792474717045,
    "(28,36)": 0.9334114140581722,
    "(16,15)": 0.8515794294223417,
    "(39,38)": 0.8885240776456067,
    "(27,28)": 0.8722732377929227,
    "(26,27)": 0.9164645772824102,
    "(23,30)": 0.8442414573263544,
    "(4,5)": 0.9011868218891314,
    "(10,11)": 0.8735967068058633,
    "(42,43)": 0.9395942255717631,
    "(25,29)": 0.8800164746286616,
    "(33,34)": 0.9344858346722615,
    "(39,40)": 0.9267359819712111,
    "(19,22)": 0.8973818596394979,
    "(20,21)": 0.9469997457596877
  },
  "data_type": "Float64",
  "serialization": "compact",
  "description": "Link probabilities for scaled power network connections"
}
