{
  "links": {
    "(6,46)": 0.6821370422145544,
    "(16,56)": 0.6160811005688563,
    "(2,8)": 0.9180055166724849,
    "(11,36)": 0.808575967444076,
    "(7,53)": 0.598909333906741,
    "(23,52)": 0.5989570784775932,
    "(10,27)": 0.7912801226682407,
    "(15,34)": 0.7228523686035331,
    "(8,46)": 0.7918106239542619,
    "(16,46)": 0.5877638728888847,
    "(16,57)": 0.5613730498066748,
    "(16,49)": 0.5508865650093289,
    "(8,54)": 0.6339120077516435,
    "(17,25)": 0.757434755092507,
    "(16,55)": 0.7708213902844097,
    "(1,9)": 0.9000022038592318,
    "(10,39)": 0.7195833597370649,
    "(8,48)": 0.5788360640457997,
    "(16,52)": 0.6918729988691564,
    "(16,54)": 0.7213050756035855,
    "(10,43)": 0.7342380624409612,
    "(2,16)": 0.650691094411498,
    "(6,29)": 0.5272501033719564,
    "(16,58)": 0.5540775313036711,
    "(23,54)": 0.6116669387748059,
    "(16,47)": 0.7122878733677105,
    "(16,59)": 0.5507916535484013,
    "(10,38)": 0.5725091406693346,
    "(7,52)": 0.5561685828784666,
    "(18,25)": 0.6187509220332513,
    "(7,54)": 0.5731953356820324,
    "(11,37)": 0.819006496727174,
    "(23,48)": 0.6209745294229203,
    "(20,26)": 0.8220396511763907,
    "(14,34)": 0.5939215110524446,
    "(21,30)": 0.8216418276947682,
    "(8,55)": 0.701560952134594,
    "(10,44)": 0.8096753788004921,
    "(23,50)": 0.7253030245783465,
    "(7,50)": 0.6703184654964979,
    "(7,51)": 0.5733596833023759,
    "(16,62)": 0.5191360963781559,
    "(10,40)": 0.8347040485486086,
    "(8,47)": 0.6449423703496732,
    "(16,50)": 0.800180626810066,
    "(12,29)": 0.690036071668959,
    "(16,53)": 0.6636997793429964,
    "(5,8)": 0.7895602406534252,
    "(6,47)": 0.5536767782679286,
    "(19,24)": 0.7343768096314507,
    "(10,42)": 0.6717914311995663,
    "(23,51)": 0.6188979923109718,
    "(23,53)": 0.6437715921435706,
    "(15,31)": 0.7071361647334403,
    "(6,74)": 0.6548927221616289,
    "(4,16)": 0.7455721423071734,
    "(23,49)": 0.7065032484171041,
    "(3,23)": 0.7370596806437436,
    "(15,32)": 0.7297389140880989,
    "(16,51)": 0.7900374287583297,
    "(7,49)": 0.8017125679978413,
    "(7,55)": 0.6236624426688097,
    "(15,35)": 0.8194977498895893,
    "(2,6)": 0.7044778605708195,
    "(12,28)": 0.718604895852115,
    "(23,55)": 0.5923591065370206,
    "(10,45)": 0.7249195401186098,
    "(3,7)": 0.6678493126839211,
    "(4,6)": 0.7727315722395108,
    "(17,36)": 0.5973212673166757,
    "(7,48)": 0.5069262159575072,
    "(5,6)": 0.8987928365119005,
    "(16,48)": 0.6316493608723657,
    "(16,63)": 0.7270723018315394,
    "(13,29)": 0.818261634689157,
    "(16,64)": 0.6397347116376796,
    "(3,16)": 0.896033140254961,
    "(10,41)": 0.6681892719408822,
    "(17,37)": 0.5482182280214689,
    "(4,8)": 0.77537265542957,
    "(6,73)": 0.6399815359585592,
    "(22,30)": 0.6833859126798334,
    "(16,61)": 0.7291136343939184
  },
  "data_type": "Float64",
  "serialization": "compact",
  "description": "Realistic drone network link probabilities"
}
