{
  "links": {
    "(124,130)": 0.815227157324249,
    "(122,137)": 0.7054593097866029,
    "(126,178)": 0.6987663093019539,
    "(12,40)": 0.7618727572689659,
    "(29,30)": 0.7362442261333239,
    "(130,188)": 0.6477352593851898,
    "(123,204)": 0.7734127166547757,
    "(123,161)": 0.8146455957823988,
    "(128,174)": 0.7147407373369908,
    "(129,202)": 0.7224625291319339,
    "(28,59)": 0.7553533861392341,
    "(12,98)": 0.7071107659552955,
    "(21,105)": 0.8490248874797057,
    "(20,82)": 0.8489360596057156,
    "(131,147)": 0.6580634697864883,
    "(20,96)": 0.7895593210988026,
    "(3,6)": 0.6575662648774738,
    "(125,198)": 0.658396982875797,
    "(130,194)": 0.651862570338531,
    "(123,190)": 0.7547032890190719,
    "(1,9)": 0.785721120099563,
    "(11,91)": 0.8136856405272264,
    "(11,55)": 0.7230552092542655,
    "(126,144)": 0.8380670214496453,
    "(2,19)": 0.6813657156428375,
    "(125,217)": 0.7616812173672358,
    "(242,175)": 0.7344326214406531,
    "(130,221)": 0.6662122162343951,
    "(10,58)": 0.6559525560316993,
    "(28,93)": 0.7731877620615805,
    "(23,82)": 0.8263932229279826,
    "(130,183)": 0.6475640614085872,
    "(116,120)": 0.8330171169772533,
    "(20,100)": 0.779837610420312,
    "(29,85)": 0.830623337944787,
    "(119,197)": 0.7586933391115301,
    "(17,12)": 0.7293984395779944,
    "(11,33)": 0.6685419175296747,
    "(130,205)": 0.7330173302410677,
    "(129,214)": 0.7656625338337351,
    "(121,125)": 0.6800337426984744,
    "(117,124)": 0.7045487701439037,
    "(19,28)": 0.6500398041120319,
    "(21,34)": 0.7214588512819495,
    "(243,239)": 0.7113934735240153,
    "(20,43)": 0.7811773754472991,
    "(128,191)": 0.8387389245412102,
    "(8,10)": 0.7240454837168219,
    "(131,143)": 0.6794401293305755,
    "(23,108)": 0.6871739021310719,
    "(128,156)": 0.8427623656872996,
    "(11,38)": 0.6895943864958757,
    "(4,23)": 0.8414259223768676,
    "(10,101)": 0.6535727196786134,
    "(12,35)": 0.7065733421764558,
    "(131,165)": 0.6734671695603589,
    "(20,49)": 0.7576845724639227,
    "(8,21)": 0.7738699939003235,
    "(125,170)": 0.9214817485691281,
    "(13,83)": 0.714028690519464,
    "(126,175)": 0.6514693550719143,
    "(122,167)": 0.852563294276613,
    "(29,243)": 0.8346906413171555,
    "(29,39)": 0.7223470769495972,
    "(29,115)": 0.7981975931777114,
    "(29,71)": 0.6679226124221028,
    "(128,213)": 0.7182407901364002,
    "(125,200)": 0.8397792521413833,
    "(130,172)": 0.6878021742747891,
    "(119,187)": 0.95,
    "(122,212)": 0.8860686981671287,
    "(23,84)": 0.6687181393430038,
    "(125,209)": 0.8630896225935697,
    "(243,116)": 0.800916367845559,
    "(125,227)": 0.7597435659602393,
    "(2,6)": 0.7916986714335992,
    "(28,36)": 0.8267916399902231,
    "(28,67)": 0.759876233674246,
    "(243,142)": 0.7891390184146543,
    "(1,4)": 0.7579069657016887,
    "(20,110)": 0.8491176408350073,
    "(12,243)": 0.7680898340137708,
    "(21,37)": 0.7452795972403166,
    "(130,215)": 0.8342071507611938,
    "(8,29)": 0.7490038065429974,
    "(126,240)": 0.7150862161478174,
    "(119,141)": 0.7870614897820885,
    "(130,179)": 0.700921465696409,
    "(127,196)": 0.7659507818043142,
    "(20,80)": 0.8002877289657637,
    "(128,241)": 0.8482321585682628,
    "(122,232)": 0.836629340276493,
    "(130,142)": 0.6785225097508336,
    "(6,23)": 0.6912046660409632,
    "(119,133)": 0.7706181134026084,
    "(130,181)": 0.7818137568990586,
    "(31,42)": 0.8446551528158834,
    "(131,195)": 0.6488804755800822,
    "(20,74)": 0.7123058605190786,
    "(126,160)": 0.6823307473192649,
    "(127,192)": 0.7208949454562104,
    "(119,208)": 0.8670768674800015,
    "(29,15)": 0.7050566944703803,
    "(14,65)": 0.7491647180888685,
    "(131,155)": 0.6885237758572831,
    "(31,54)": 0.7122142344778565,
    "(244,206)": 0.7408399219870851,
    "(20,57)": 0.7894905203699503,
    "(20,81)": 0.6612264612652506,
    "(7,13)": 0.8247016411509145,
    "(4,31)": 0.6875593582125041,
    "(127,140)": 0.7358056269676869,
    "(4,28)": 0.6978063324464856,
    "(12,46)": 0.7980226379329592,
    "(126,166)": 0.7375602879565433,
    "(10,242)": 0.8451722084051531,
    "(129,153)": 0.6625911566191856,
    "(126,135)": 0.8071556848546592,
    "(125,146)": 0.8000653474271187,
    "(121,131)": 0.6681689296253989,
    "(13,72)": 0.7735799970533147,
    "(125,230)": 0.7494439052578431,
    "(23,243)": 0.6813903520828829,
    "(11,18)": 0.7017626473198644,
    "(119,166)": 0.692667762068347,
    "(17,28)": 0.8179898491381185,
    "(119,238)": 0.7606636598482426,
    "(120,126)": 0.8416437517468385,
    "(23,56)": 0.7947466928631769,
    "(10,92)": 0.7814363423615566,
    "(131,226)": 0.8326332543644961,
    "(23,73)": 0.7600979760580163,
    "(29,60)": 0.8138636708169504,
    "(1,6)": 0.8029815974331974,
    "(122,132)": 0.7026726062766272,
    "(21,30)": 0.7255567097394408,
    "(14,86)": 0.7551764935304852,
    "(12,87)": 0.6974911224428517,
    "(116,121)": 0.8308442758914192,
    "(11,32)": 0.7194426618717911,
    "(29,69)": 0.7699931874475259,
    "(119,179)": 0.9316261454080376,
    "(243,169)": 0.7124252118405408,
    "(20,66)": 0.6664800146310755,
    "(125,158)": 0.8261806045590344,
    "(2,7)": 0.8261899022089347,
    "(12,39)": 0.6838557978676428,
    "(123,233)": 0.6711850729702858,
    "(119,219)": 0.8040265674568994,
    "(13,5)": 0.7437662985930166,
    "(23,41)": 0.663089938483388,
    "(16,14)": 0.6523733303886012,
    "(128,182)": 0.7787119877110023,
    "(21,78)": 0.6692477739270408,
    "(129,228)": 0.6911722862611139,
    "(124,127)": 0.7505813105378436,
    "(126,220)": 0.7252090024462519,
    "(20,109)": 0.7048676913191628,
    "(2,8)": 0.7281815500936737,
    "(129,169)": 0.7901558009982762,
    "(11,242)": 0.6805766804992509,
    "(131,199)": 0.6783200074955693,
    "(12,48)": 0.7786412956631594,
    "(14,51)": 0.7688568777525214,
    "(123,154)": 0.8189012260159814,
    "(119,225)": 0.6721914261453189,
    "(13,113)": 0.7147578952307991,
    "(126,203)": 0.8105385821620942,
    "(17,11)": 0.7748679386760962,
    "(123,149)": 0.6664081467117081,
    "(117,121)": 0.7709855841931694,
    "(242,179)": 0.8129327801353259,
    "(126,206)": 0.7875315831910852,
    "(120,130)": 0.8478554705646715,
    "(6,10)": 0.7634126223621494,
    "(28,44)": 0.6921922971575855,
    "(11,22)": 0.8070930336851757,
    "(122,189)": 0.8829677253180324,
    "(117,120)": 0.7533277981963604,
    "(128,229)": 0.7287874203308612,
    "(129,236)": 0.7902125102566264,
    "(31,88)": 0.6706877410014722,
    "(129,185)": 0.7919062937271758,
    "(244,145)": 0.7697665289669655,
    "(118,121)": 0.6706813581413854,
    "(244,237)": 0.6735855743431173,
    "(14,68)": 0.8026040022389078,
    "(10,94)": 0.7206652196356942,
    "(10,104)": 0.6581915966630705,
    "(9,14)": 0.7573171189226263,
    "(29,89)": 0.8515759181538451,
    "(129,231)": 0.7176973022356691,
    "(28,63)": 0.7677548849360197,
    "(9,31)": 0.8405626504241843,
    "(31,46)": 0.7591282222667873,
    "(119,173)": 0.937104866552991,
    "(123,150)": 0.7509927459251984,
    "(21,88)": 0.6505958677175275,
    "(242,178)": 0.7801757827776441,
    "(31,70)": 0.6879253516989632,
    "(127,224)": 0.7833705300838056,
    "(13,94)": 0.7119950164363207,
    "(28,26)": 0.7903588810495502,
    "(119,174)": 0.9218229452267466,
    "(14,71)": 0.6657469226775248,
    "(131,159)": 0.6878644707806444,
    "(119,151)": 0.6542299056304747,
    "(23,112)": 0.6878696420202687,
    "(125,236)": 0.6581870047303197,
    "(125,222)": 0.828689270173619,
    "(119,235)": 0.7250869775903732,
    "(125,136)": 0.6609953951717652,
    "(122,201)": 0.95,
    "(128,184)": 0.7006122843365038,
    "(123,139)": 0.6888124827596228,
    "(130,234)": 0.7697765870722237,
    "(3,17)": 0.7311264753222597,
    "(124,125)": 0.654180710088929,
    "(23,77)": 0.6508025168226691,
    "(126,164)": 0.6643399125344644,
    "(28,27)": 0.7743288919206069,
    "(31,25)": 0.669516948055957,
    "(19,10)": 0.8002935257311853,