{
  "nodes": {
    "4": 1.0,
    "1": 0.9092088475867187,
    "12": 1.0,
    "2": 0.9036352423834764,
    "6": 1.0,
    "7": 1.0,
    "11": 1.0,
    "13": 1.0,
    "8": 1.0,
    "5": 1.0,
    "10": 1.0,
    "9": 1.0,
    "3": 0.9276920716424913
  },
  "data_type": "Float64",
  "serialization": "compact",
  "description": "Realistic drone network node priors"
}
