{
  "nodes": {
    "32": 0.9048717086743178,
    "29": 0.8822681267139998,
    "1": 0.8250096433064085,
    "54": 0.8634858273101627,
    "12": 0.9117245812082331,
    "20": 0.9198321509601266,
    "48": 0.7894149984038371,
    "2": 0.7531765807904571,
    "6": 0.7863125733372992,
    "41": 0.9212842658062717,
    "65": 0.9309801207173752,
    "53": 0.8223608429525135,
    "51": 0.8659285913327154,
    "27": 0.7552914539629844,
    "42": 0.9310317102659474,
    "33": 0.9419026390474335,
    "28": 0.8424963515926712,
    "52": 0.7816167384414705,
    "50": 0.8799623150338824,
    "14": 0.9246212907414575,
    "63": 0.949385274300123,
    "7": 0.7860875819938637,
    "57": 0.9491832651303419,
    "8": 0.8644301616712023,
    "64": 0.9267734506795955,
    "26": 0.8819047861478039,
    "10": 0.9236950787556975,
    "19": 0.9107416180630817,
    "69": 0.9054677437098836,
    "60": 0.9297797935966916,
    "24": 0.8999529609890272,
    "4": 0.7945194873771105,
    "58": 0.9020060263277516,
    "25": 0.8294689904773556,
    "23": 0.9150786988484813,
    "22": 0.9410156386293264,
    "11": 0.949338943064128,
    "35": 0.933152984469655,
    "13": 0.9336481950098953,
    "49": 0.7595890139570871,
    "59": 0.9025038326182061,
    "5": 0.7695670149548255,
    "67": 0.9111655714232085,
    "31": 0.8776059096295017,
    "62": 0.9463822788146928,
    "43": 0.9189333602459338,
    "61": 0.9012876725692592,
    "16": 0.9367427137390215,
    "15": 0.9016729505718782,
    "39": 0.9120565611098409,
    "40": 0.9169706013552188,
    "46": 0.9027213126411254,
    "21": 0.9204471145478066,
    "38": 0.9057003886352688,
    "34": 0.9226890065509619,
    "44": 0.9467723196963544,
    "45": 0.9083877759463447,
    "68": 0.9410251443072124,
    "56": 0.9411113488057613,
    "55": 0.9199349231573082,
    "36": 0.9368682642327725,
    "66": 0.9046532056745492,
    "17": 0.9247875627635627,
    "37": 0.927982212534782,
    "47": 0.8547269011757485,
    "18": 0.9434232418872889,
    "9": 0.9149065067207565,
    "30": 0.8153294004180454,
    "3": 0.7836545854729343
  },
  "data_type": "Float64",
  "serialization": "compact",
  "description": "Node prior probabilities for scaled power network"
}
