{
  "links": {
    "(49,50)": 0.9297714229986072,
    "(9,10)": 0.9285926371815125,
    "(2,10)": 0.8811868652487325,
    "(17,14)": 0.9041312851620018,
    "(62,61)": 0.905633372824658,
    "(40,37)": 0.8739869341921358,
    "(8,12)": 0.9437620758589438,
    "(32,33)": 0.9001482012810219,
    "(8,9)": 0.9067116659415312,
    "(45,46)": 0.8730358815332485,
    "(61,59)": 0.8594258720012151,
    "(45,47)": 0.8838612794652319,
    "(67,68)": 0.8893758067701745,
    "(25,33)": 0.8809232532154714,
    "(14,21)": 0.8847763686135559,
    "(12,11)": 0.902126179550282,
    "(54,58)": 0.8689881675622433,
    "(41,39)": 0.8728027930236321,
    "(63,60)": 0.8998810293644778,
    "(22,23)": 0.8753056935478704,
    "(22,24)": 0.8051867913549995,
    "(47,48)": 0.9325553501290218,
    "(53,54)": 0.9319074145585935,
    "(35,34)": 0.8806003001354765,
    "(31,32)": 0.8849943921559842,
    "(11,19)": 0.8529139367736738,
    "(37,44)": 0.8983885531479932,
    "(18,16)": 0.8864227374190239,
    "(46,53)": 0.8950489335906833,
    "(25,26)": 0.9328038261695093,
    "(58,57)": 0.881798386277749,
    "(38,36)": 0.8970219874586578,
    "(54,55)": 0.9425084053864623,
    "(2,6)": 0.8956358903466571,
    "(52,51)": 0.8611190313247796,
    "(65,66)": 0.8666427179870964,
    "(2,3)": 0.9199048868101378,
    "(28,36)": 0.8929753328252059,
    "(39,38)": 0.8722202039972022,
    "(48,52)": 0.9235715789735449,
    "(26,27)": 0.9488301704492006,
    "(66,67)": 0.8791009611935463,
    "(4,5)": 0.9166512324028552,
    "(64,62)": 0.8938492809956841,
    "(42,43)": 0.8931887395604307,
    "(25,29)": 0.9164479235152518,
    "(57,65)": 0.9364431157395258,
    "(5,13)": 0.933769152781409,
    "(7,8)": 0.8831992389110985,
    "(48,49)": 0.8940756190712937,
    "(60,67)": 0.9209015648347136,
    "(24,25)": 0.8554875972606988,
    "(16,17)": 0.9343922517897074,
    "(21,22)": 0.9329069837049618,
    "(3,4)": 0.874267535249221,
    "(43,44)": 0.8881080380316924,
    "(6,5)": 0.947984492334912,
    "(30,31)": 0.903670527066896,
    "(29,28)": 0.932615947875975,
    "(62,63)": 0.8658688884347565,
    "(59,60)": 0.8506477117010542,
    "(51,59)": 0.8976521124107424,
    "(48,56)": 0.934929141792235,
    "(68,69)": 0.8658504150786009,
    "(19,20)": 0.9353678318414025,
    "(44,45)": 0.8995207909322704,
    "(1,2)": 0.8682871343899481,
    "(13,14)": 0.880759626328381,
    "(31,35)": 0.8536821699928219,
    "(44,61)": 0.8609380639777598,
    "(50,51)": 0.9234732562194234,
    "(21,38)": 0.8865678725899456,
    "(42,45)": 0.9091695711057659,
    "(36,37)": 0.9386423671298945,
    "(65,68)": 0.9161537692924445,
    "(15,13)": 0.8734434007347431,
    "(34,42)": 0.9067623275922984,
    "(56,57)": 0.8932286995214773,
    "(16,15)": 0.9074278948475538,
    "(27,28)": 0.8752610710531424,
    "(23,30)": 0.8371104560380719,
    "(10,11)": 0.9043287287146933,
    "(33,34)": 0.9355621752628487,
    "(39,40)": 0.9444415986931095,
    "(55,56)": 0.9425253680386096,
    "(19,22)": 0.9056267725390795,
    "(20,21)": 0.9166700803660018
  },
  "data_type": "Float64",
  "serialization": "compact",
  "description": "Link probabilities for scaled power network connections"
}
