{
  "links": {
    "(229,231)": 0.8646981645601356,
    "(138,145)": 0.8366147976504161,
    "(83,90)": 0.8714036275328462,
    "(219,218)": 0.9355349972618274,
    "(252,254)": 0.8409013055709004,
    "(8,12)": 0.9022835379528373,
    "(8,9)": 0.9343853390328758,
    "(41,39)": 0.8885266222134708,
    "(127,126)": 0.8818555478318638,
    "(150,149)": 0.9315861660990445,
    "(131,132)": 0.9351227784650288,
    "(248,246)": 0.8777561081727231,
    "(123,124)": 0.9490808372689068,
    "(167,166)": 0.9264939507900474,
    "(183,184)": 0.9128722616739608,
    "(180,183)": 0.9330048049068606,
    "(170,171)": 0.9207324497136398,
    "(71,72)": 0.9181660706276985,
    "(206,208)": 0.8631864887562056,
    "(232,236)": 0.8878864209598468,
    "(35,34)": 0.9392715003079712,
    "(31,32)": 0.898501053997094,
    "(117,121)": 0.8687395582353858,
    "(215,216)": 0.9432744966085941,
    "(166,174)": 0.8699885880257544,
    "(25,26)": 0.891086497220736,
    "(38,36)": 0.9349962245398804,
    "(274,275)": 0.8702832543050995,
    "(93,94)": 0.8535203524530113,
    "(148,149)": 0.9483294567841847,
    "(140,144)": 0.8909901137250464,
    "(54,55)": 0.9496809215937296,
    "(52,51)": 0.9132456318070903,
    "(178,175)": 0.8588558477448239,
    "(2,3)": 0.9164165910149309,
    "(246,245)": 0.9073451667336613,
    "(175,182)": 0.8885810836186114,
    "(66,67)": 0.8858893443423624,
    "(247,244)": 0.9069467071763561,
    "(42,43)": 0.9005074763732137,
    "(94,102)": 0.9413045975070667,
    "(228,229)": 0.9452552983696187,
    "(201,198)": 0.9409302262493946,
    "(168,169)": 0.8540634016269383,
    "(261,262)": 0.8519503681121603,
    "(5,13)": 0.867134313641286,
    "(99,100)": 0.8541146467008134,
    "(48,49)": 0.8947608199263034,
    "(146,150)": 0.8571227610571269,
    "(214,215)": 0.8521848240701464,
    "(269,268)": 0.8705684634798605,
    "(21,22)": 0.8889219308323668,
    "(92,99)": 0.8313865221125925,
    "(71,79)": 0.8714656320374442,
    "(161,168)": 0.8714839188417313,
    "(186,190)": 0.8929884280791562,
    "(191,192)": 0.9153348028303894,
    "(216,217)": 0.9197595341754061,
    "(197,198)": 0.927227455291736,
    "(62,63)": 0.9355548269289156,
    "(59,60)": 0.871411137929349,
    "(68,69)": 0.8811487670359842,
    "(180,181)": 0.8626198025481867,
    "(73,74)": 0.9251326411506429,
    "(255,256)": 0.9256390703215192,
    "(1,2)": 0.8849973762276331,
    "(192,193)": 0.9302044967012735,
    "(222,220)": 0.8919558368412712,
    "(31,35)": 0.9076119602721154,
    "(226,229)": 0.8545233738445774,
    "(237,238)": 0.8756698743140606,
    "(260,261)": 0.9166030905519842,
    "(253,260)": 0.8344925056819025,
    "(209,213)": 0.857244271183104,
    "(42,45)": 0.9440610836392995,
    "(36,37)": 0.927632337223421,
    "(115,122)": 0.843031503468816,
    "(122,123)": 0.9342359105981639,
    "(105,106)": 0.8541137782412835,
    "(251,252)": 0.865206988155393,
    "(265,264)": 0.9039629099239408,
    "(108,109)": 0.907182894118599,
    "(134,135)": 0.8810536170608304,
    "(84,82)": 0.8641321209685132,
    "(199,197)": 0.8646984669878305,
    "(266,267)": 0.8588303505082533,
    "(185,186)": 0.9360280544171726,
    "(186,194)": 0.9261241219506232,
    "(272,275)": 0.8732880916826337,
    "(55,56)": 0.8796962419171056,
    "(270,267)": 0.9192710210153414,
    "(223,222)": 0.8737862421290755,
    "(182,183)": 0.9278044849629591,
    "(246,247)": 0.8959625477754178,
    "(271,269)": 0.8842744360172076,
    "(163,171)": 0.9326528668604293,
    "(17,14)": 0.9294126869689017,
    "(157,160)": 0.8838548821936222,
    "(165,166)": 0.8691750757657868,
    "(40,37)": 0.8946994029813101,
    "(200,199)": 0.8732039440607551,
    "(86,83)": 0.925977673898814,
    "(32,33)": 0.9323267360388734,
    "(88,91)": 0.9128784538993987,
    "(112,113)": 0.8797383040712403,
    "(264,272)": 0.8607406505396984,
    "(45,47)": 0.8744506317388319,
    "(61,59)": 0.8867393149823514,
    "(159,160)": 0.8727821581819137,
    "(14,21)": 0.8506313909220995,
    "(147,148)": 0.8812225397474025,
    "(126,134)": 0.9466329892838736,
    "(217,218)": 0.9342566820915903,
    "(121,120)": 0.8685049291108337,
    "(100,101)": 0.9172387914100798,
    "(240,241)": 0.9445474684794621,
    "(63,60)": 0.9000924683975373,
    "(233,234)": 0.8645274286476015,
    "(22,24)": 0.8166197175709563,
    "(146,147)": 0.8825055264018309,
    "(53,54)": 0.9266187133652658,
    "(11,19)": 0.9121156981325255,
    "(37,44)": 0.8559069493920602,
    "(111,112)": 0.9321391686910928,
    "(108,107)": 0.8608188887996711,
    "(267,274)": 0.8714599579168172,
    "(176,174)": 0.9163186239962677,
    "(137,138)": 0.9148286644856065,
    "(58,57)": 0.8509042935548858,
    "(139,140)": 0.9115533602326509,
    "(75,74)": 0.8724456617078294,
    "(130,128)": 0.8770734050152417,
    "(87,85)": 0.9441294941245115,
    "(198,205)": 0.9183800357490773,
    "(119,120)": 0.9307533882100378,
    "(69,76)": 0.8037535843843311,
    "(72,73)": 0.8967237282371378,
    "(128,129)": 0.8898291806768995,
    "(154,155)": 0.8586178705925595,
    "(179,177)": 0.8861731379944064,
    "(211,212)": 0.9422021237355327,
    "(145,146)": 0.9271415335109316,
    "(25,29)": 0.9446196250525895,
    "(114,115)": 0.9396133053839194,
    "(215,219)": 0.8762847305395165,
    "(144,143)": 0.9458208511779993,
    "(181,182)": 0.8753010557851113,
    "(209,210)": 0.8874036176253023,
    "(7,8)": 0.9444311839223095,
    "(140,148)": 0.9383514936126885,
    "(157,158)": 0.8618823571859415,
    "(169,170)": 0.9450653852754766,
    "(262,263)": 0.9278277859907146,
    "(142,143)": 0.8823946229220382,
    "(79,80)": 0.9207367001775373,
    "(213,212)": 0.9215621967718823,
    "(118,119)": 0.9304023197874897,
    "(227,228)": 0.9069000421652911,
    "(29,28)": 0.8735006728608584,
    "(97,105)": 0.8904575730442512,
    "(231,232)": 0.8525331374836148,
    "(123,127)": 0.8851377717276487,
    "(254,255)": 0.8922110780148061,
    "(194,195)": 0.8682606449859941,
    "(188,189)": 0.9334169908629891,
    "(98,97)": 0.8799615703443395,
    "(13,14)": 0.9341059705771879,
    "(124,125)": 0.9281887076836653,
    "(238,242)": 0.8673282056596814,
    "(183,185)": 0.8516393793806258,
    "(172,180)": 0.9082151026513011,
    "(85,84)": 0.9418615641702017,
    "(209,217)": 0.9333065785712115,
    "(21,38)": 0.8099013614895234,
    "(187,188)": 0.9283286389272889,
    "(208,209)": 0.876881579874327,
    "(153,151)": 0.9430519084743454,
    "(171,172)": 0.923130162972949,
    "(82,83)": 0.8623099978602232,
    "(56,57)": 0.8871539435364802,
    "(74,82)": 0.871529621288096,
    "(27,28)": 0.9334781921596919,
    "(164,165)": 0.8952198680976395,
    "(242,241)": 0.8676130546638472,
    "(162,163)": 0.9113140448728396,
    "(235,243)": 0.9356679136840964,
    "(114,116)": 0.8364392448812016,
    "(33,34)": 0.9236849861544569,
    "(137,139)": 0.816995742100085,
    "(19,22)": 0.9236586925921918,
    "(20,21)": 0.8582413308798529,
    "(223,224)": 0.9478329759107094,
    "(203,206)": 0.8890963768613033,
    "(49,50)": 0.9093337578944055,
    "(203,204)": 0.9362810455543181,
    "(77,78)": 0.9210167065893987,
    "(9,10)": 0.9202323687985756,
    "(207,214)": 0.8632147653474735,
    "(62,61)": 0.9223702609720572,
    "(190,189)": 0.9475679292805927,
    "(95,96)": 0.9068712092715207,
    "(67,68)": 0.8526066354458175,
    "(173,172)": 0.9168561091774899,
    "(94,98)": 0.9417448786194869,
    "(12,11)": 0.8736833039813329,
    "(258,266)": 0.879977859305554,
    "(206,207)": 0.9150962096859836,
    "(89,90)": 0.9114864001241603,
    "(54,58)": 0.9122662049657174,
    "(269,270)": 0.9460821173221625,
    "(135,136)": 0.9078640489680141,
    "(141,142)": 0.8883255883886455,
    "(241,249)": 0.8694903791160765,
    "(220,221)": 0.8829290367418247,
    "(47,48)": 0.9326463197811082,
    "(90,91)": 0.877698644871535,
    "(94,95)": 0.9280314874329623,
    "(76,77)": 0.9139477403554801,
    "(152,159)": 0.9208383536680631,
    "(133,131)": 0.9205661945593666,