{
  "links": {
    "(42,54)": 0.8144292186576094,
    "(2,8)": 0.95,
    "(2,26)": 0.6718098669518477,
    "(23,52)": 0.8205566386219194,
    "(40,56)": 0.6521137265472584,
    "(20,36)": 0.7841055948548376,
    "(49,53)": 0.8054454268044435,
    "(12,48)": 0.8373121878789469,
    "(7,33)": 0.6871090193724335,
    "(16,29)": 0.7446819938067589,
    "(15,22)": 0.7890284683197518,
    "(21,52)": 0.7694163330709418,
    "(12,23)": 0.7988318907998302,
    "(12,49)": 0.805113779074288,
    "(32,59)": 0.6660029373076627,
    "(15,21)": 0.8126037923071414,
    "(48,54)": 0.7510685241563196,
    "(36,51)": 0.7316182546382606,
    "(49,54)": 0.8001350473261828,
    "(26,55)": 0.7273089780582126,
    "(18,45)": 0.7199759637396128,
    "(34,58)": 0.8055239410995433,
    "(44,55)": 0.735431084671663,
    "(3,31)": 0.7490908714313991,
    "(48,58)": 0.8431230248073285,
    "(23,58)": 0.8151667737887051,
    "(1,8)": 0.9119043705252288,
    "(23,53)": 0.7190979665151785,
    "(12,22)": 0.6561465885808369,
    "(18,48)": 0.7312816757834514,
    "(43,53)": 0.6555965225068061,
    "(1,16)": 0.6525407640917322,
    "(33,54)": 0.767370149152622,
    "(30,53)": 0.8103040446166698,
    "(36,57)": 0.6808716555375874,
    "(49,56)": 0.7469477965743149,
    "(32,53)": 0.710817493740999,
    "(28,56)": 0.8343565051283237,
    "(40,51)": 0.7872786874452049,
    "(28,51)": 0.8369612549641718,
    "(3,6)": 0.677407226089937,
    "(5,12)": 0.6602030177907574,
    "(3,16)": 0.7869451433087301,
    "(33,52)": 0.6917359614981241,
    "(1,13)": 0.8012592428976497,
    "(9,49)": 0.7425704359034531,
    "(17,39)": 0.7703284837411061,
    "(19,23)": 0.7249089813252025,
    "(43,51)": 0.7147410221014998,
    "(46,58)": 0.833171939490317,
    "(5,13)": 0.786263978825231,
    "(46,54)": 0.7041187253346223,
    "(46,55)": 0.8134702211566839,
    "(17,35)": 0.697521140510736,
    "(40,58)": 0.6776175555974985,
    "(1,9)": 0.8460760006649659,
    "(35,51)": 0.8492593087880692,
    "(16,28)": 0.8243900732076197,
    "(42,56)": 0.6661236999506308,
    "(24,51)": 0.7706155994511984,
    "(11,45)": 0.7601800503698648,
    "(30,56)": 0.8113716501671036,
    "(48,53)": 0.7338370485797713,
    "(7,34)": 0.7190835601901037,
    "(17,34)": 0.8168676543777544,
    "(8,43)": 0.7527478418931671,
    "(39,52)": 0.7417693948749218,
    "(2,19)": 0.7892185585702178,
    "(20,37)": 0.6965331976831527,
    "(36,52)": 0.6891784562557741,
    "(2,11)": 0.7801949690522814,
    "(22,52)": 0.6975946078032021,
    "(38,51)": 0.8018019580918347,
    "(22,56)": 0.7824956313290654,
    "(33,51)": 0.6930807390191576,
    "(6,25)": 0.7515003852440842,
    "(17,51)": 0.6226574816668148,
    "(35,57)": 0.6705616674544048,
    "(30,57)": 0.664973283608869,
    "(5,19)": 0.7351355961533734,
    "(28,53)": 0.8203800837219964,
    "(35,54)": 0.8330547518435989,
    "(8,39)": 0.9007089549414515,
    "(14,43)": 0.7089347852861538,
    "(4,17)": 0.6760415103892293,
    "(39,56)": 0.8077939480021142,
    "(17,208)": 0.5527736605573857,
    "(7,32)": 0.8440592529687242,
    "(5,11)": 0.7473740157568203,
    "(27,53)": 0.7932060287813631,
    "(30,54)": 0.6674970942774747,
    "(23,55)": 0.6941695347507125,
    "(10,30)": 0.6995909661529119,
    "(14,35)": 0.715666767352489,
    "(31,51)": 0.6544228202604506,
    "(19,25)": 0.7731580954059445,
    "(30,52)": 0.841336975109565,
    "(42,53)": 0.8406028098049754,
    "(1,18)": 0.6907433892554312,
    "(13,25)": 0.741680594513641,
    "(4,20)": 0.8035611584718184,
    "(27,51)": 0.7941671402069013,
    "(35,53)": 0.7727090949048838,
    "(4,48)": 0.6327926241952302,
    "(9,22)": 0.8099051472276468,
    "(15,23)": 0.6697279978833606,
    "(6,26)": 0.7762074710402375,
    "(1,30)": 0.8310841826038097,
    "(26,52)": 0.7176913600944622,
    "(23,57)": 0.8199065740127821,
    "(37,52)": 0.8181219511906227,
    "(17,88)": 0.5732772282037726,
    "(10,29)": 0.8493645206804687,
    "(15,46)": 0.8301883809922659,
    "(47,57)": 0.8184941661710167,
    "(23,54)": 0.6849399904497004,
    "(24,56)": 0.6774739164004703,
    "(13,28)": 0.7166119992413228,
    "(39,53)": 0.7950956264095088,
    "(36,58)": 0.7511359892374759,
    "(26,56)": 0.7137131785134452,
    "(14,36)": 0.6977131819656972,
    "(22,51)": 0.6519080937014663,
    "(41,53)": 0.7062886058201915,
    "(24,53)": 0.8082739985130989,
    "(45,56)": 0.663342327736896,
    "(11,41)": 0.6632239546288751,
    "(3,19)": 0.7166052084462129,
    "(20,32)": 0.7508734262208352,
    "(10,34)": 0.7739701253637147,
    "(31,52)": 0.7470258944811365,
    "(6,24)": 0.8421498602150946,
    "(26,57)": 0.7551173903536744,
    "(36,53)": 0.6694750749550663,
    "(29,51)": 0.8478706338340434,
    "(26,54)": 0.7034695280211354,
    "(9,21)": 0.7074839661822739,
    "(25,52)": 0.6721986436665036,
    "(34,55)": 0.6536651961648626,
    "(11,44)": 0.806851891429152,
    "(14,37)": 0.6839301406367541,
    "(12,127)": 0.6586399000033989,
    "(48,57)": 0.8141656666990336,
    "(9,24)": 0.6823502338341129,
    "(46,57)": 0.6545583749472556,
    "(6,21)": 0.729499142518592,
    "(4,11)": 0.7962396710489807,
    "(11,42)": 0.68668988670262,
    "(29,54)": 0.7400348615778537,
    "(16,26)": 0.7494284107887611,
    "(4,13)": 0.6805155114407553,
    "(19,28)": 0.7757361532174009,
    "(12,50)": 0.7717496549437938,
    "(26,58)": 0.8385141714442766,
    "(17,38)": 0.8115246850928333,
    "(18,50)": 0.761206400525148,
    "(14,39)": 0.7860704531613298,
    "(14,38)": 0.8457653043325399,
    "(33,56)": 0.7454097342644317,
    "(29,57)": 0.7502973694830211,
    "(13,157)": 0.6730139696910218,
    "(13,214)": 0.58073624509734,
    "(35,56)": 0.80223647424505,
    "(34,53)": 0.70188430529578,
    "(38,54)": 0.766242399988916,
    "(42,52)": 0.7482550595996422,
    "(36,56)": 0.8263404401374699,
    "(15,48)": 0.755019329390652,
    "(1,15)": 0.7880552171041478,
    "(21,53)": 0.733655823291602,
    "(12,21)": 0.7313694198903337,
    "(25,57)": 0.8463203153835792,
    "(3,17)": 0.6580050990527597,
    "(11,38)": 0.8241651684379594,
    "(42,51)": 0.8266826270180994,
    "(31,55)": 0.6746556644383293,
    "(11,39)": 0.7207858423076684,
    "(49,55)": 0.8134391774616015,
    "(17,33)": 0.7933615647018293,
    "(25,58)": 0.8313867022101451,
    "(47,56)": 0.7312937158488835,
    "(16,24)": 0.8816356895963289,
    "(29,55)": 0.6935941368977533,
    "(7,30)": 0.7960887289686711,
    "(28,55)": 0.7658009395534213,
    "(35,59)": 0.703886933693448,
    "(29,56)": 0.8197660967050395,
    "(6,228)": 0.6094095169339173,
    "(37,54)": 0.6858886260194942,
    "(19,21)": 0.7249311028946561,
    "(5,25)": 0.7840886600559085,
    "(41,54)": 0.664650567383869,
    "(45,55)": 0.7799318842983356,
    "(18,202)": 0.6767100632218925,
    "(32,57)": 0.8197718934570619,
    "(22,54)": 0.7263825343761627,
    "(26,53)": 0.7444124716017246,
    "(32,58)": 0.8312268766766059,
    "(17,36)": 0.755383657338965,
    "(44,51)": 0.7047073291500805,
    "(4,6)": 0.656635336324474,
    "(10,32)": 0.838450353926408,
    "(12,68)": 0.6233040781016888,
    "(13,29)": 0.7035114433344888,
    "(13,27)": 0.7943373309526676,
    "(25,56)": 0.7448070162806827,
    "(30,51)": 0.7177255087521065,
    "(17,37)": 0.8208064570673461,
    "(40,57)": 0.736204597671325,
    "(3,41)": 0.6516298065543236,
    "(14,42)": 0.7397666791336657,
    "(1,12)": 0.8491435152895209,
    "(1,7)": 0.6694466630196471,
    "(17,41)": 0.7651083705159268,
    "(22,55)": 0.6844965371196767,
    "(36,55)": 0.8297338012984563,
    "(7,37)": 0.6502093557623959,
    "(15,44)": 0.6944271506621188,
    "(25,55)": 0.6935356153401527,
    "(19,22)": 0.6929646812241257,
    "(15,45)": 0.7975691638872129,
    "(44,57)": 0.7404697170725035,
    "(20,34)": 0.7815678553926466,
    "(1,11)": 0.7061416780243853,
    "(44,59)": 0.6964458524034658,
    "(8,45)": 0.7496958084804173,
    "(15,47)": 0.8772883658456309,
    "(10,33)": 0.7180157478024959,
    "(33,53)": 0.7924721898877428,
    "(46,51)": 0.7116006485881896,