{
  "time_analysis": {
    "edge_delays": {
      "(14,33)": 1.48,
      "(1,17)": 1.84,
      "(3,29)": 1.69,
      "(36,3)": 1.33,
      "(7,31)": 1.63,
      "(22,8)": 1.3900000000000001,
      "(2,21)": 1.75,
      "(31,12)": 1.5699999999999998,
      "(17,10)": 1.9300000000000002,
      "(30,13)": 1.63,
      "(33,15)": 1.66,
      "(26,5)": 1.54,
      "(19,6)": 1.66,
      "(1,19)": 1.54,
      "(2,20)": 1.5999999999999999,
      "(6,27)": 1.5100000000000002,
      "(8,23)": 1.3599999999999999,
      "(18,4)": 1.72,
      "(20,6)": 1.5699999999999998,
      "(27,11)": 1.5999999999999999,
      "(9,24)": 1.42,
      "(34,1)": 1.3599999999999999,
      "(32,7)": 1.75,
      "(1,18)": 1.66,
      "(24,16)": 1.5100000000000002,
      "(14,22)": 1.33,
      "(37,36)": 1.12,
      "(23,9)": 1.42,
      "(37,35)": 1.1500000000000001,
      "(11,26)": 1.48,
      "(25,5)": 1.4500000000000002,
      "(37,34)": 1.09,
      "(3,28)": 1.81,
      "(14,32)": 1.42,
      "(29,12)": 1.72,
      "(12,30)": 1.5699999999999998,
      "(28,11)": 1.69,
      "(21,32)": 1.78,
      "(6,25)": 1.4500000000000002,
      "(35,2)": 1.3900000000000001
    },
    "combination_function": "max_combination",
    "initial_time": 0.0,
    "analysis_type": "longest_path_time",
    "propagation_function": "additive_propagation",
    "node_durations": {
      "24": 1.119402985074627,
      "4": 1.0869565217391306,
      "1": 1.0344827586206897,
      "12": 1.094890510948905,
      "29": 1.0869565217391306,
      "20": 1.0869565217391306,
      "32": 1.119402985074627,
      "2": 1.0416666666666667,
      "6": 1.094890510948905,
      "25": 1.079136690647482,
      "23": 1.1029411764705883,
      "22": 1.094890510948905,
      "11": 1.0869565217391306,
      "35": 1.0563380281690142,
      "13": 1.111111111111111,
      "5": 1.111111111111111,
      "15": 1.1029411764705883,
      "27": 1.094890510948905,
      "31": 1.1029411764705883,
      "33": 1.1278195488721805,
      "28": 1.079136690647482,
      "16": 1.1363636363636365,
      "14": 1.1278195488721805,
      "21": 1.111111111111111,
      "7": 1.079136690647482,
      "34": 1.0489510489510487,
      "8": 1.1029411764705883,
      "36": 1.0489510489510487,
      "26": 1.0869565217391306,
      "17": 1.0714285714285714,
      "10": 1.0563380281690142,
      "19": 1.0869565217391306,
      "37": 1.0135135135135136,
      "9": 1.119402985074627,
      "18": 1.0714285714285714,
      "30": 1.111111111111111,
      "3": 1.0273972602739727
    }
  },
  "network_type": "critical_path",
  "data_type": "Float64",
  "cost_analysis": {
    "initial_cost": 0.0,
    "combination_function": "max_combination",
    "node_costs": {
      "24": 139.20000000000002,
      "4": 134.4,
      "1": 126.0,
      "12": 135.6,
      "29": 134.4,
      "20": 134.4,
      "32": 139.20000000000002,
      "2": 127.2,
      "6": 135.6,
      "25": 133.2,
      "23": 136.8,
      "22": 135.6,
      "11": 134.4,
      "35": 129.60000000000002,
      "13": 138.0,
      "5": 138.0,
      "15": 136.8,
      "27": 135.6,
      "31": 136.8,
      "33": 140.39999999999998,
      "28": 133.2,
      "16": 141.60000000000002,
      "14": 140.39999999999998,
      "21": 138.0,
      "7": 133.2,
      "34": 128.39999999999998,
      "8": 136.8,
      "36": 128.39999999999998,
      "26": 134.4,
      "17": 132.0,
      "10": 129.60000000000002,
      "19": 134.4,
      "37": 122.4,
      "9": 139.20000000000002,
      "18": 132.0,
      "30": 138.0,
      "3": 124.80000000000001
    },
    "analysis_type": "total_project_cost",
    "propagation_function": "additive_propagation",
    "edge_costs": {
      "(14,33)": 74.4,
      "(1,17)": 85.19999999999999,
      "(3,29)": 80.7,
      "(36,3)": 69.9,
      "(7,31)": 78.89999999999999,
      "(22,8)": 71.7,
      "(2,21)": 82.5,
      "(31,12)": 77.1,
      "(17,10)": 87.9,
      "(30,13)": 78.89999999999999,
      "(33,15)": 79.80000000000001,
      "(26,5)": 76.2,
      "(19,6)": 79.80000000000001,
      "(1,19)": 76.2,
      "(2,20)": 77.99999999999999,
      "(6,27)": 75.30000000000001,
      "(8,23)": 70.8,
      "(18,4)": 81.6,
      "(20,6)": 77.1,
      "(27,11)": 77.99999999999999,
      "(9,24)": 72.6,
      "(34,1)": 70.8,
      "(32,7)": 82.5,
      "(1,18)": 79.80000000000001,
      "(24,16)": 75.30000000000001,
      "(14,22)": 69.9,
      "(37,36)": 63.6,
      "(23,9)": 72.6,
      "(37,35)": 64.50000000000001,
      "(11,26)": 74.4,
      "(25,5)": 73.5,
      "(37,34)": 62.699999999999996,
      "(3,28)": 84.3,
      "(14,32)": 72.6,
      "(29,12)": 81.6,
      "(12,30)": 77.1,
      "(28,11)": 80.7,
      "(21,32)": 83.4,
      "(6,25)": 73.5,
      "(35,2)": 71.7
    }
  },
  "conversion_formulas": {
    "base_node_cost": 120.0,
    "base_edge_delay": 1.0,
    "delay_penalty": 3.0,
    "base_node_duration": 3.0,
    "edge_cost_penalty": 1.5,
    "base_edge_cost": 60.0,
    "cost_factor": 1.0,
    "reliability_bonus": 2.0
  },
  "description": "Critical Path Module inputs generated from reachability data for mlgw-gas-network",
  "generation_info": {
    "total_nodes": 37,
    "total_edges": 40,
    "generated_from": "reachability_data",
    "timestamp": "2025-08-24T18:46:18.261"
  }
}
