{
  "links": {
    "(30,58)": 0.4795465698241176,
    "(30,87)": 0.677152153865912,
    "(22,70)": 0.49451327313420607,
    "(17,55)": 0.4672655522334271,
    "(3,29)": 0.62259109561648,
    "(26,73)": 0.627657381542306,
    "(2,28)": 0.7168229694459316,
    "(1,30)": 0.689091884536103,
    "(17,58)": 0.5052025525274966,
    "(19,40)": 0.7630985204043436,
    "(28,81)": 0.6045164966784825,
    "(30,93)": 0.4750257797382949,
    "(17,82)": 0.45492721614603177,
    "(33,53)": 0.7887099034696354,
    "(36,72)": 0.8078851174484538,
    "(22,69)": 0.4596517432305027,
    "(8,25)": 0.6179855462986176,
    "(17,88)": 0.5241470597717731,
    "(30,82)": 0.48219068408398064,
    "(40,46)": 0.6517888766808889,
    "(24,69)": 0.5576387471876526,
    "(4,29)": 0.6797775858962205,
    "(26,77)": 0.6154309056498514,
    "(6,29)": 0.6378848707229172,
    "(41,60)": 0.717933867115791,
    "(39,75)": 0.6704731500906478,
    "(39,53)": 0.6992076668274865,
    "(20,51)": 0.6451280982828766,
    "(26,68)": 0.5185925446764267,
    "(15,28)": 0.6160302068164253,
    "(23,47)": 0.5422609442593025,
    "(28,87)": 0.5032528009634538,
    "(3,31)": 0.6676789573786299,
    "(17,87)": 0.5299535438610239,
    "(4,30)": 0.6259295773239341,
    "(30,84)": 0.6189519466153421,
    "(3,25)": 0.6446587985630181,
    "(25,39)": 0.6823350160519367,
    "(17,44)": 0.7372279815556642,
    "(11,29)": 0.7279928625614949,
    "(41,61)": 0.6565215126352385,
    "(31,39)": 0.7873504356742544,
    "(28,84)": 0.5103814155788338,
    "(21,40)": 0.6750676336493076,
    "(33,57)": 0.7145033821489629,
    "(32,54)": 0.7055298137907807,
    "(15,30)": 0.7428888620597328,
    "(27,64)": 0.45000094472100294,
    "(27,68)": 0.45461769667131496,
    "(7,28)": 0.769570407113954,
    "(2,30)": 0.7146196751555807,
    "(26,66)": 0.5443901439134821,
    "(40,45)": 0.7648566393510667,
    "(14,25)": 0.6017008983141635,
    "(30,85)": 0.6300774161718437,
    "(5,27)": 0.6302972757897622,
    "(20,45)": 0.5337185923404494,
    "(34,79)": 0.7569829702415318,
    "(25,41)": 0.7323371952288029,
    "(27,63)": 0.48584821093849145,
    "(17,83)": 0.4874097468082092,
    "(30,83)": 0.7001308023636265,
    "(32,52)": 0.6946603917100578,
    "(28,56)": 0.5633800170965843,
    "(26,75)": 0.45615203015277994,
    "(40,54)": 0.6268714388727038,
    "(27,60)": 0.5906168617042965,
    "(1,28)": 0.7729012328814848,
    "(9,25)": 0.8405268691675137,
    "(28,83)": 0.5430012400780981,
    "(19,51)": 0.5078271696066544,
    "(14,29)": 0.659149742425819,
    "(27,67)": 0.5204584060627507,
    "(33,52)": 0.7515530716923816,
    "(26,67)": 0.5286389225713537,
    "(27,62)": 0.4872309013715788,
    "(4,28)": 0.6267141033977577,
    "(18,49)": 0.5208669878947113,
    "(36,74)": 0.6401494793800713,
    "(21,46)": 0.7200594916368998,
    "(26,65)": 0.5349306509473969,
    "(8,31)": 0.6120692611755423,
    "(28,89)": 0.5044144960778805,
    "(10,26)": 0.7745300819898177,
    "(27,65)": 0.5023975978914251,
    "(11,25)": 0.7225195542815736,
    "(22,48)": 0.6936188090672261,
    "(28,88)": 0.5547635573818087,
    "(30,90)": 0.5574717832134944,
    "(30,86)": 0.7184862881455637,
    "(23,37)": 0.7402958382710247,
    "(24,70)": 0.7514141262294706,
    "(34,74)": 0.6898717146228115,
    "(36,79)": 0.7564957282418882,
    "(16,55)": 0.47854241526033764,
    "(34,76)": 0.7565810017477136,
    "(26,79)": 0.5448895074419734,
    "(15,29)": 0.6075808138567423,
    "(30,56)": 0.5295489319982695,
    "(36,77)": 0.6957536194479494,
    "(19,45)": 0.6915600595311903,
    "(18,51)": 0.5376973169841706,
    "(17,86)": 0.5053306523737091,
    "(34,73)": 0.7222805174094221,
    "(23,38)": 0.7121820820714133,
    "(26,74)": 0.6603658724733961,
    "(36,76)": 0.6171839583936672,
    "(30,88)": 0.6372586818387163,
    "(30,81)": 0.6842831916300641,
    "(14,31)": 0.6326809089948078,
    "(34,72)": 0.7263017838626811,
    "(7,30)": 0.5576916546637397,
    "(28,55)": 0.463119700427534,
    "(6,30)": 0.7219137193839901,
    "(34,77)": 0.7540756153928908,
    "(17,90)": 0.4975158117104319,
    "(28,58)": 0.551975475953026,
    "(26,34)": 0.686652534354759,
    "(30,89)": 0.564107984309008,
    "(28,82)": 0.537111257430994,
    "(2,29)": 0.7120712789700843,
    "(24,71)": 0.7320581689953678,
    "(9,29)": 0.7056363137237257,
    "(8,29)": 0.7115027533245715,
    "(11,31)": 0.7547490517509817,
    "(36,71)": 0.622042275720877,
    "(26,78)": 0.6697861574166109,
    "(17,81)": 0.47767090401122125,
    "(22,71)": 0.5347136676062734,
    "(28,80)": 0.5329037627869634,
    "(16,44)": 0.5088277806698374,
    "(30,44)": 0.5041676431398499,
    "(31,41)": 0.7404802463273907,
    "(24,36)": 0.7118601474895494,
    "(9,31)": 0.7972721399757625,
    "(34,78)": 0.7460723558257674,
    "(26,72)": 0.5390359971252419,
    "(26,76)": 0.5566102222128799,
    "(36,70)": 0.6193554004806932,
    "(13,29)": 0.7335218420603066,
    "(30,80)": 0.6054122271092132,
    "(7,29)": 0.7514835403283825,
    "(16,43)": 0.654786140214497,
    "(17,84)": 0.5339606419038283,
    "(13,25)": 0.7700388748709875,
    "(28,86)": 0.5369462833169059,
    "(17,85)": 0.4966083228001658,
    "(17,80)": 0.5068169338682524,
    "(8,28)": 0.5532641144187178,
    "(6,28)": 0.637836180063266,
    "(36,69)": 0.7012644918955524,
    "(13,31)": 0.6784539870441145,
    "(27,61)": 0.6124431740195024
  },
  "data_type": "Float64",
  "serialization": "compact",
  "description": "Realistic drone network link probabilities"
}
