{
  "network_type": "Full Scottish drone delivery network",
  "links": {
    "(1,26)": 0.8919293825561165,
    "(1,122)": 0.8414727531844863,
    "(1,121)": 0.8416189219340957,
    "(1,17)": 0.804862798389868,
    "(1,94)": 0.7041405563748423,
    "(1,105)": 0.8235428838926709,
    "(1,30)": 0.6288677105030566,
    "(1,11)": 0.7205641121010642,
    "(1,24)": 0.7849640270949847,
    "(1,114)": 0.8568214885214829,
    "(1,123)": 0.7896639475542256,
    "(1,108)": 0.8221912247302373,
    "(1,99)": 0.8155056415512186,
    "(1,96)": 0.8394039666983004,
    "(1,46)": 0.8006798152811456,
    "(1,9)": 0.8404856372546361,
    "(1,148)": 0.8085703461538284,
    "(1,29)": 0.7376445452212396,
    "(1,44)": 0.7058605699023496,
    "(1,101)": 0.8089444736876064,
    "(1,109)": 0.8637852246777619,
    "(1,15)": 0.8824665615247075,
    "(1,119)": 0.8022660045695711,
    "(1,107)": 0.7949234185803639,
    "(1,102)": 0.8512452276549418,
    "(1,125)": 0.8317048763710209,
    "(1,112)": 0.7989366281609437,
    "(1,113)": 0.8552818697808682,
    "(1,36)": 0.7628053530391908,
    "(1,118)": 0.8120471134559094,
    "(1,98)": 0.7712402956635257,
    "(1,126)": 0.876241443079204,
    "(1,53)": 0.7068525533000378,
    "(1,3)": 0.8762476745598243,
    "(1,37)": 0.8100397001484789,
    "(1,2)": 0.8015402409950572,
    "(1,8)": 0.7002808204695344,
    "(1,48)": 0.6873638478127467,
    "(1,124)": 0.8628832912531502,
    "(1,117)": 0.8412106749414672,
    "(1,120)": 0.8161256765228995,
    "(1,110)": 0.8642167723327174,
    "(1,147)": 0.7251959681883277,
    "(1,104)": 0.8503641895211362,
    "(1,16)": 0.8667084307762872,
    "(1,50)": 0.7414634463469594,
    "(1,40)": 0.8768906112879545,
    "(1,45)": 0.8137318957028933,
    "(1,42)": 0.8341325715945315,
    "(1,97)": 0.8073668651818159,
    "(1,38)": 0.7112882257020201,
    "(1,115)": 0.8160656081035454,
    "(1,111)": 0.7995045109726512,
    "(1,47)": 0.8129408254307057,
    "(1,93)": 0.7394602828948584,
    "(1,14)": 0.7638345343618617,
    "(1,106)": 0.8304623933013433,
    "(1,28)": 0.7237257952460737,
    "(1,116)": 0.8125502720779842,
    "(1,18)": 0.8468301672760503,
    "(1,103)": 0.8079600250171534,
    "(1,13)": 0.767537367670812,
    "(1,100)": 0.8628826205257545,
    "(1,7)": 0.8287958184424629,
    "(1,51)": 0.6807634199713116,
    "(1,151)": 0.7948018392950169,
    "(1,52)": 0.7761830329832977,
    "(1,95)": 0.7492672921304407
  },
  "data_type": "Float64",
  "distance_based": "Exponential decay with drone-specific parameters",
  "reliability_model": "Scottish geography + weather + equipment factors",
  "description": "Extreme Glasgow to Shetland mission using full Scottish network"
}
