{
  "links": {
    "(344,345)": 0.8749286808047856,
    "(324,325)": 0.9375474803253808,
    "(249,252)": 0.8799457391619039,
    "(138,145)": 0.8550658561594416,
    "(229,231)": 0.8602793458120002,
    "(83,90)": 0.9278855261106228,
    "(219,218)": 0.9273969092282993,
    "(252,254)": 0.8375673562882551,
    "(8,12)": 0.8565340056769464,
    "(8,9)": 0.8600527204277315,
    "(41,39)": 0.9076658770065734,
    "(127,126)": 0.878514522454535,
    "(150,149)": 0.8820094939691039,
    "(90,107)": 0.8395865600290895,
    "(131,132)": 0.9234295967543574,
    "(248,246)": 0.9313965254721586,
    "(123,124)": 0.907865598087142,
    "(167,166)": 0.8667547387385934,
    "(183,184)": 0.8962674042837452,
    "(180,183)": 0.933049730742562,
    "(278,282)": 0.8826095086618582,
    "(170,171)": 0.8723683981379701,
    "(71,72)": 0.9299313632488274,
    "(206,208)": 0.8178538210269288,
    "(232,236)": 0.8595489938205365,
    "(35,34)": 0.9393583121958444,
    "(31,32)": 0.9358516210144672,
    "(117,121)": 0.9180757806144776,
    "(215,216)": 0.938585206529474,
    "(166,174)": 0.853634437040798,
    "(25,26)": 0.8596715874658594,
    "(38,36)": 0.880203706068092,
    "(274,275)": 0.9031015807972118,
    "(93,94)": 0.9199723898317334,
    "(148,149)": 0.9366517600202392,
    "(140,144)": 0.9061020149091333,
    "(341,344)": 0.9409850947711123,
    "(54,55)": 0.8837729219937259,
    "(52,51)": 0.8611352620407878,
    "(178,175)": 0.8574018405359427,
    "(2,3)": 0.9330708646466133,
    "(246,245)": 0.9240296839461037,
    "(175,182)": 0.939122821825439,
    "(66,67)": 0.9280597676956286,
    "(324,328)": 0.9482624761609986,
    "(247,244)": 0.8607024772806476,
    "(42,43)": 0.9105998045015491,
    "(94,102)": 0.899384712049191,
    "(228,229)": 0.9136019591745977,
    "(201,198)": 0.8907133386695733,
    "(303,304)": 0.9013922836365629,
    "(168,169)": 0.9086841898813802,
    "(261,262)": 0.8519472995729088,
    "(321,323)": 0.8702145002305312,
    "(5,13)": 0.9281120757943141,
    "(328,327)": 0.8506668890926873,
    "(330,334)": 0.9142688300833912,
    "(99,100)": 0.8517178860021819,
    "(48,49)": 0.9136465998661122,
    "(337,335)": 0.8728586802705707,
    "(146,150)": 0.9182336115655793,
    "(214,215)": 0.9079487841571249,
    "(269,268)": 0.8510959982340691,
    "(21,22)": 0.867323712389933,
    "(92,99)": 0.8985622903945462,
    "(71,79)": 0.9193846158481068,
    "(161,168)": 0.831849910025995,
    "(186,190)": 0.8531939887566051,
    "(319,320)": 0.9032339138848468,
    "(191,192)": 0.8911179271008974,
    "(216,217)": 0.8576208489842106,
    "(197,198)": 0.9062763677419484,
    "(62,63)": 0.9050295384714291,
    "(59,60)": 0.9035767864632153,
    "(68,69)": 0.9032265813518162,
    "(180,181)": 0.9109246900312966,
    "(73,74)": 0.9339189605168039,
    "(255,256)": 0.9138217066998534,
    "(1,2)": 0.8995577288425739,
    "(192,193)": 0.898092840721482,
    "(222,220)": 0.8783014712597536,
    "(31,35)": 0.8787476750103642,
    "(226,229)": 0.8898708655995956,
    "(237,238)": 0.8565293892199759,
    "(260,261)": 0.9469042117492814,
    "(253,260)": 0.8305701290357758,
    "(336,343)": 0.9074138406354353,
    "(209,213)": 0.9304878850296514,
    "(296,297)": 0.8759635467206182,
    "(228,245)": 0.8731431897589641,
    "(42,45)": 0.9317624511356035,
    "(36,37)": 0.871330154334576,
    "(115,122)": 0.8834284615380454,
    "(322,329)": 0.8309575038288559,
    "(122,123)": 0.9452064320527627,
    "(105,106)": 0.936910318019437,
    "(251,252)": 0.9280009662725293,
    "(333,341)": 0.9191654485269504,
    "(108,109)": 0.9438807700204268,
    "(265,264)": 0.9296883148761077,
    "(134,135)": 0.9461456884744073,
    "(84,82)": 0.9448457224846697,
    "(199,197)": 0.9287003526909031,
    "(293,290)": 0.9417226292930904,
    "(266,267)": 0.9420712274825725,
    "(185,186)": 0.918100516572015,
    "(186,194)": 0.8972947455481539,
    "(278,286)": 0.9256181128580584,
    "(272,275)": 0.9491865857086644,
    "(55,56)": 0.9335870987542584,
    "(332,333)": 0.947606149940698,
    "(270,267)": 0.91279281755359,
    "(223,222)": 0.8867815024489182,
    "(323,324)": 0.9359598955438282,
    "(182,183)": 0.9027187800240476,
    "(246,247)": 0.8751890107456406,
    "(335,336)": 0.8685633719626499,
    "(314,312)": 0.9330561443067152,
    "(282,281)": 0.9079705611572242,
    "(271,269)": 0.8778812633323527,
    "(163,171)": 0.9181561352159433,
    "(17,14)": 0.8954869859042697,
    "(157,160)": 0.8755735768907145,
    "(165,166)": 0.9103087445429371,
    "(40,37)": 0.9316306181521585,
    "(200,199)": 0.9162472013731082,
    "(86,83)": 0.862447117739728,
    "(32,33)": 0.9297079606781541,
    "(88,91)": 0.8589451969756348,
    "(112,113)": 0.9246165016110105,
    "(264,272)": 0.9389623260779117,
    "(45,47)": 0.8098107132857738,
    "(61,59)": 0.8924115865038171,
    "(159,160)": 0.8885508411813571,
    "(14,21)": 0.9104923421711002,
    "(147,148)": 0.8945358758747062,
    "(126,134)": 0.8654948973824066,
    "(280,281)": 0.8767096849570241,
    "(325,326)": 0.9410686620219937,
    "(217,218)": 0.8985371686861874,
    "(297,314)": 0.8888450063102142,
    "(338,339)": 0.9486465829385528,
    "(121,120)": 0.8538046071948637,
    "(240,241)": 0.9133587456406915,
    "(100,101)": 0.8986795341413638,
    "(63,60)": 0.9354165153390427,
    "(233,234)": 0.8689378681612512,
    "(22,24)": 0.8031789962485584,
    "(146,147)": 0.871348395691613,
    "(53,54)": 0.9145135662014247,
    "(11,19)": 0.9188255736680717,
    "(37,44)": 0.9258781322328817,
    "(111,112)": 0.9087763132665218,
    "(108,107)": 0.8848670587818912,
    "(341,342)": 0.881083917324911,
    "(267,274)": 0.9168284612214672,
    "(176,174)": 0.8775732076527052,
    "(313,320)": 0.9466268386907087,
    "(304,312)": 0.8639579222512201,
    "(137,138)": 0.8974920339376458,
    "(276,283)": 0.8331827356561459,
    "(58,57)": 0.9302785395926862,
    "(139,140)": 0.8681713219654381,
    "(75,74)": 0.9066527988496698,
    "(298,300)": 0.8411757026403708,
    "(130,128)": 0.8664114279047682,
    "(87,85)": 0.8798549732289748,
    "(198,205)": 0.9232882738515527,
    "(119,120)": 0.8841896615219427,
    "(297,298)": 0.9166251256181583,
    "(69,76)": 0.8506229728450457,
    "(72,73)": 0.9055691171647784,
    "(128,129)": 0.8949148913786709,
    "(154,155)": 0.9369282883130768,
    "(179,177)": 0.9489067839920593,
    "(211,212)": 0.904702541609405,
    "(145,146)": 0.9320561825192774,
    "(25,29)": 0.8697985746981539,
    "(342,343)": 0.8560312458468254,
    "(114,115)": 0.8647316443842806,
    "(215,219)": 0.9412669374550802,
    "(144,143)": 0.8592614276294934,
    "(181,182)": 0.8720174521912525,
    "(209,210)": 0.8622409949942069,
    "(7,8)": 0.9335530581698991,
    "(321,322)": 0.9454071585615037,
    "(140,148)": 0.9471422435763349,
    "(157,158)": 0.9294908456170367,
    "(169,170)": 0.9159376579774532,
    "(262,263)": 0.8978402893599209,
    "(142,143)": 0.9201743762177134,
    "(278,279)": 0.8776433749046048,
    "(329,330)": 0.9272006407631033,
    "(79,80)": 0.9472762576772054,
    "(213,212)": 0.9133495422447255,
    "(118,119)": 0.9129881955144695,
    "(227,228)": 0.8541341921711165,
    "(29,28)": 0.8876408199627381,
    "(97,105)": 0.9330163610758961,
    "(231,232)": 0.9021464398195451,
    "(123,127)": 0.9132511181405728,
    "(254,255)": 0.8701468012005219,
    "(338,337)": 0.900203697879999,
    "(194,195)": 0.8813795845966536,
    "(298,299)": 0.9417361052512097,
    "(188,189)": 0.9424570122521674,
    "(98,97)": 0.9418912676751183,
    "(13,14)": 0.8954054552239387,
    "(124,125)": 0.8563950423061505,
    "(238,242)": 0.8763453491797225,
    "(294,292)": 0.920127973655935,
    "(183,185)": 0.8783617364561144,
    "(172,180)": 0.8887413645767834,
    "(85,84)": 0.9189501122914334,
    "(209,217)": 0.8686878963087282,
    "(21,38)": 0.8512325786942342,
    "(187,188)": 0.9348628305131903,
    "(208,209)": 0.9268928350814155,
    "(153,151)": 0.9428669729288732,