{
  "links": {
    "(93,214)": 0.8010959395926138,
    "(6,35)": 0.7711011811276361,
    "(100,224)": 0.8848707156367561,
    "(23,52)": 0.889086536957998,
    "(67,116)": 0.8174493200557524,
    "(23,53)": 0.6889493274016465,
    "(79,136)": 0.9272706421008985,
    "(47,103)": 0.9284248433912531,
    "(28,42)": 0.9344340338216907,
    "(62,126)": 0.9223881155446797,
    "(55,245)": 0.8000076584911463,
    "(49,131)": 0.9280330181226699,
    "(76,138)": 0.8266261085017097,
    "(80,136)": 0.8542601207456358,
    "(91,149)": 0.8791952960831574,
    "(72,233)": 0.8900014944330167,
    "(9,17)": 0.7215020480838117,
    "(61,120)": 0.8499110976096088,
    "(56,105)": 0.8882990806351571,
    "(54,147)": 0.8901552104700463,
    "(77,186)": 0.8316036004611119,
    "(74,189)": 0.8769897344798757,
    "(84,179)": 0.8627756941455204,
    "(81,109)": 0.9272063635625366,
    "(83,202)": 0.9265598990970717,
    "(57,216)": 0.9239583908668615,
    "(32,68)": 0.7223051589987151,
    "(48,143)": 0.8154635167825873,
    "(29,80)": 0.7920847142104204,
    "(50,209)": 0.832736098316827,
    "(42,220)": 0.921281106416251,
    "(78,117)": 0.920804951295803,
    "(34,95)": 0.9390212918106805,
    "(36,58)": 0.763857738341175,
    "(49,236)": 0.9080708210494626,
    "(28,87)": 0.8375485058067392,
    "(93,163)": 0.9476480590791401,
    "(11,33)": 0.8122302866991085,
    "(25,52)": 0.6889222343258248,
    "(46,124)": 0.8170018272852003,
    "(72,240)": 0.8403759080781771,
    "(86,192)": 0.813812248536213,
    "(74,184)": 0.8514000658577882,
    "(76,248)": 0.8454816945102663,
    "(59,210)": 0.8651582319932177,
    "(25,91)": 0.6513885433158151,
    "(12,19)": 0.9463869223784832,
    "(18,76)": 0.8153938645722731,
    "(83,171)": 0.8505939324523408,
    "(38,96)": 0.7189562393343129,
    "(87,249)": 0.9232261411278317,
    "(63,163)": 0.849654730369439,
    "(58,194)": 0.8979359495054358,
    "(63,147)": 0.9142304190416437,
    "(14,17)": 0.7435350071584235,
    "(10,32)": 0.899842099571192,
    "(13,29)": 0.8758397863140165,
    "(89,193)": 0.9262289974769796,
    "(61,198)": 0.8133974678374907,
    "(69,124)": 0.89042754019685,
    "(54,115)": 0.896981142439599,
    "(1,11)": 0.8061916166594533,
    "(10,33)": 0.8054491510167554,
    "(39,63)": 0.7660169250380318,
    "(55,127)": 0.8856033063584349,
    "(63,209)": 0.8489387576400869,
    "(29,71)": 0.8400522388497024,
    "(20,42)": 0.7610192088011978,
    "(47,147)": 0.8450280612513278,
    "(72,224)": 0.802947162315132,
    "(48,183)": 0.811527586956088,
    "(26,71)": 0.8725775590307373,
    "(16,69)": 0.9347023131891539,
    "(7,31)": 0.7999324901741571,
    "(31,58)": 0.6889185570875835,
    "(17,83)": 0.9070469877547078,
    "(88,121)": 0.8523253400970111,
    "(78,188)": 0.8159975063062503,
    "(44,121)": 0.8338761746292329,
    "(86,129)": 0.9246295948948711,
    "(1,4)": 0.9459833652911521,
    "(54,169)": 0.8617637405104352,
    "(31,63)": 0.8540534833043919,
    "(61,176)": 0.8443348334808422,
    "(59,222)": 0.8042592385784081,
    "(79,102)": 0.80008930003741,
    "(65,204)": 0.9249537197655476,
    "(49,237)": 0.9086163738384727,
    "(18,79)": 0.6920693544575828,
    "(80,145)": 0.807766120849242,
    "(97,224)": 0.8270956911918985,
    "(37,83)": 0.696814618005294,
    "(93,193)": 0.8272175238762223,
    "(78,128)": 0.9409935369809389,
    "(82,119)": 0.9452358469364293,
    "(99,228)": 0.8139632808859707,
    "(6,17)": 0.9294742545607757,
    "(46,147)": 0.9071848704654707,
    "(9,26)": 0.7642039117249899,
    "(38,53)": 0.9275998729010027,
    "(14,33)": 0.8291802688990598,
    "(31,54)": 0.7162916366126009,
    "(92,241)": 0.8267201526631835,
    "(75,248)": 0.8073353034547822,
    "(51,159)": 0.8971972181972364,
    "(27,54)": 0.7596987685126221,
    "(41,160)": 0.9417796415450304,
    "(48,250)": 0.8793802258466995,
    "(3,8)": 0.864552501017348,
    "(2,9)": 0.8817955944108167,
    "(77,195)": 0.8207739756219935,
    "(42,168)": 0.9017602206509667,
    "(3,4)": 0.9484549599646928,
    "(90,106)": 0.9097297709947975,
    "(72,243)": 0.9240969811146156,
    "(11,32)": 0.8613705810111816,
    "(75,232)": 0.9402630335681244,
    "(37,57)": 0.8646113789160756,
    "(2,7)": 0.8440528533479079,
    "(23,90)": 0.8934594651277237,
    "(19,52)": 0.9370205030685954,
    "(64,144)": 0.812686493435841,
    "(17,67)": 0.7921669552247312,
    "(71,197)": 0.8995687404113852,
    "(76,194)": 0.936968538176412,
    "(88,104)": 0.9005162124140503,
    "(82,206)": 0.8783969160759418,
    "(92,124)": 0.8885579619835804,
    "(99,189)": 0.840925180321339,
    "(24,69)": 0.7842411207182906,
    "(44,146)": 0.8939355443854401,
    "(74,193)": 0.910628737286233,
    "(98,203)": 0.9472183585806329,
    "(65,129)": 0.8313875764163657,
    "(17,97)": 0.6585017022414064,
    "(12,22)": 0.8769321383564621,
    "(10,19)": 0.9224240978866458,
    "(98,170)": 0.9200760446331817,
    "(42,212)": 0.843050766772842,
    "(94,128)": 0.8610458251517233,
    "(24,86)": 0.9371853512119566,
    "(91,126)": 0.8817374487990561,
    "(68,180)": 0.9163400037348107,
    "(33,100)": 0.6951762624923024,
    "(45,225)": 0.8099808463994317,
    "(64,110)": 0.942104768283973,
    "(16,49)": 0.7381331546192513,
    "(34,74)": 0.7806050166036237,
    "(90,159)": 0.816845332714883,
    "(24,88)": 0.9175521747019401,
    "(30,56)": 0.8945499280889909,
    "(78,205)": 0.8779947375227546,
    "(59,242)": 0.8935867598707644,
    "(85,214)": 0.8893533876816092,
    "(89,200)": 0.8005624262697663,
    "(94,168)": 0.9172229860086248,
    "(62,151)": 0.934960672190307,
    "(35,53)": 0.8059213721690249,
    "(84,209)": 0.8642557394673013,
    "(65,249)": 0.9197334383266136,
    "(52,117)": 0.8466051520149902,
    "(8,24)": 0.7340009618730456,
    "(37,52)": 0.7544853001524475,
    "(8,26)": 0.7411406521171647,
    "(22,99)": 0.825222399645887,
    "(90,235)": 0.8105941174713421,
    "(64,132)": 0.8493541395307292,
    "(95,140)": 0.8398865697513125,
    "(88,124)": 0.931777993694769,
    "(30,66)": 0.9247443577872302,
    "(89,250)": 0.9381898790569246,
    "(35,93)": 0.7481306291766098,
    "(19,69)": 0.8712795356289005,
    "(74,143)": 0.9094183117479555,
    "(53,233)": 0.8170641079327374,
    "(27,84)": 0.7002239877915455,
    "(41,195)": 0.8223701900142419,
    "(86,106)": 0.8535552347839839,
    "(18,61)": 0.7873404715693443,
    "(44,206)": 0.9170502124144502,
    "(32,64)": 0.8269218649066468,
    "(89,104)": 0.8167654546751267,
    "(53,130)": 0.8559518120186901,
    "(57,183)": 0.8773867633901468,
    "(43,108)": 0.8679992520022863,
    "(64,125)": 0.8513278209517936,
    "(66,183)": 0.8652672203198863,
    "(90,226)": 0.8930692173073538,
    "(30,51)": 0.6625407141423743,
    "(40,57)": 0.7661292263650112,
    "(75,233)": 0.8717671621260784,
    "(60,212)": 0.8064185756538287,
    "(85,103)": 0.8342396599533007,
    "(89,172)": 0.9043137856288386,
    "(4,30)": 0.7153458963385837,
    "(70,146)": 0.9062914178289946,
    "(71,201)": 0.8735453420635723,
    "(98,153)": 0.8930865491184324,
    "(2,15)": 0.8846115141085822,
    "(47,125)": 0.8958734434554342,
    "(57,204)": 0.9305643257748297,
    "(92,125)": 0.9333138534004091,
    "(29,44)": 0.916563666636999,
    "(14,29)": 0.9079860719329526,
    "(100,157)": 0.8283058687152997,
    "(11,28)": 0.7807212796568728,
    "(59,122)": 0.924291025807446,
    "(64,167)": 0.8301272218832351,
    "(67,117)": 0.897305381495922,
    "(62,163)": 0.821076136760281,
    "(27,85)": 0.7142853746435455,
    "(76,115)": 0.9118585985379217,
    "(3,9)": 0.8154335489064951,
    "(99,113)": 0.8799011016159599,
    "(68,130)": 0.9238625496849313,
    "(56,206)": 0.905358223529961,
    "(4,16)": 0.8195823037558139,
    "(11,31)": 0.7139804713110334,
    "(100,185)": 0.9057892601516988,
    "(81,147)": 0.8920383023721735,
    "(95,209)": 0.8454900734923846,
    "(73,198)": 0.9413032403808403,
    "(85,197)": 0.9111211200405496,
    "(66,219)": 0.9031709412803813,
    "(15,37)": 0.8068870679817941,