{
  "links": {
    "(138,145)": 0.8959042590724974,
    "(49,50)": 0.9004485362341946,
    "(77,78)": 0.9464250163458733,
    "(9,10)": 0.9437264614803412,
    "(62,61)": 0.8535844876878175,
    "(83,90)": 0.8644850463182079,
    "(8,12)": 0.9448217143041857,
    "(8,9)": 0.9010812112245681,
    "(95,96)": 0.8970128540208738,
    "(67,68)": 0.9432495721932763,
    "(173,172)": 0.9022557927995117,
    "(94,98)": 0.9001735632781819,
    "(12,11)": 0.8784140329261044,
    "(89,90)": 0.9459205113512191,
    "(54,58)": 0.8669836500773869,
    "(41,39)": 0.914554193757562,
    "(127,126)": 0.8813540463540988,
    "(150,149)": 0.9457307061029443,
    "(90,107)": 0.8375416025570913,
    "(131,132)": 0.8944373143686762,
    "(123,124)": 0.9173547377247364,
    "(167,166)": 0.8505040145110294,
    "(183,184)": 0.8504813775989022,
    "(135,136)": 0.8728093105289972,
    "(141,142)": 0.9037979033003257,
    "(180,183)": 0.9187375977785586,
    "(170,171)": 0.8817426265756844,
    "(47,48)": 0.9362985939515676,
    "(71,72)": 0.9176654968012764,
    "(94,95)": 0.9428489960065556,
    "(35,34)": 0.8883050129635403,
    "(76,77)": 0.9173558622476575,
    "(31,32)": 0.9408741649672808,
    "(90,91)": 0.9466343076015593,
    "(117,121)": 0.9423308461354752,
    "(152,159)": 0.9218189118776949,
    "(133,131)": 0.9409043196849127,
    "(46,53)": 0.8343003497962784,
    "(166,174)": 0.9485791181291868,
    "(25,26)": 0.9387873165925196,
    "(38,36)": 0.8642191348074902,
    "(140,144)": 0.8872588809978563,
    "(93,94)": 0.9380307419155305,
    "(148,149)": 0.9249640272062476,
    "(134,137)": 0.9384632168827353,
    "(103,111)": 0.8839293812772674,
    "(54,55)": 0.8562215930736221,
    "(155,152)": 0.8987516923000798,
    "(65,66)": 0.8792379983885901,
    "(2,6)": 0.9340809492616514,
    "(178,175)": 0.8778335837602358,
    "(2,3)": 0.859722482158668,
    "(52,51)": 0.9180408394155014,
    "(28,36)": 0.9447456663919511,
    "(39,38)": 0.9403428792295652,
    "(48,52)": 0.9222325556510379,
    "(175,182)": 0.9471278253954322,
    "(26,27)": 0.8762828039328724,
    "(66,67)": 0.9419620499567596,
    "(4,5)": 0.9329243804608869,
    "(42,43)": 0.9492223199706721,
    "(94,102)": 0.9064216039719125,
    "(102,103)": 0.9382989662412242,
    "(168,169)": 0.889741334017527,
    "(57,65)": 0.9085229867287363,
    "(5,13)": 0.9176211376838151,
    "(136,137)": 0.9432516946646508,
    "(160,162)": 0.8590097612308846,
    "(99,100)": 0.9265903171563623,
    "(48,49)": 0.8985090054011317,
    "(146,150)": 0.8931490895365318,
    "(60,67)": 0.9302282329158922,
    "(16,17)": 0.8557359082875915,
    "(160,161)": 0.8509265751950662,
    "(21,22)": 0.9064172942210151,
    "(92,99)": 0.8409733158377461,
    "(71,79)": 0.9044090001331705,
    "(161,168)": 0.8562050197101696,
    "(85,86)": 0.9439079944945674,
    "(30,31)": 0.9126911725735103,
    "(62,63)": 0.8821514856276609,
    "(59,60)": 0.9379628179848243,
    "(48,56)": 0.8981497264474214,
    "(68,69)": 0.9253344046081637,
    "(136,153)": 0.8002650175954247,
    "(80,88)": 0.9259661159204433,
    "(19,20)": 0.9006341157308889,
    "(44,45)": 0.8821503912538822,
    "(73,74)": 0.8945159028582901,
    "(180,181)": 0.8537170112664535,
    "(1,2)": 0.8977099874558903,
    "(111,114)": 0.8776206049922016,
    "(104,103)": 0.9412453658032701,
    "(31,35)": 0.8826206380672088,
    "(77,81)": 0.8748724148535056,
    "(42,45)": 0.8605312415340303,
    "(36,37)": 0.8539149314449413,
    "(115,122)": 0.8863895902474009,
    "(122,123)": 0.9185930446133768,
    "(105,106)": 0.8917166472866023,
    "(108,109)": 0.9166709041600372,
    "(134,135)": 0.879749516908181,
    "(84,82)": 0.9472695833911979,
    "(106,113)": 0.8648984375768013,
    "(70,71)": 0.9113101535904945,
    "(39,40)": 0.9467880580730587,
    "(149,157)": 0.8809930887936926,
    "(55,56)": 0.8679465827240441,
    "(100,104)": 0.9035535675957256,
    "(182,183)": 0.9031777224150682,
    "(177,176)": 0.940739955876699,
    "(163,171)": 0.927697665947919,
    "(2,10)": 0.8637908785820385,
    "(17,14)": 0.9174603174208316,
    "(157,160)": 0.89255803808771,
    "(165,166)": 0.8631499745735077,
    "(156,154)": 0.8775596219054794,
    "(40,37)": 0.9177818646339697,
    "(86,83)": 0.8504597226186462,
    "(32,33)": 0.9393421852625073,
    "(88,91)": 0.9390837397582572,
    "(112,113)": 0.8510646707947473,
    "(132,129)": 0.879424788695815,
    "(45,47)": 0.8738647184203602,
    "(25,33)": 0.8800047151367565,
    "(45,46)": 0.9317327669213268,
    "(61,59)": 0.9385507671862643,
    "(159,160)": 0.8821333683568815,
    "(14,21)": 0.9159927334568568,
    "(147,148)": 0.8908878316397678,
    "(163,167)": 0.871168212203872,
    "(126,134)": 0.9272308070808316,
    "(109,106)": 0.858812137271268,
    "(101,102)": 0.9057481086699525,
    "(121,120)": 0.9428418234910503,
    "(100,101)": 0.9190298958887702,
    "(63,60)": 0.9487861000186946,
    "(22,23)": 0.9344514471001392,
    "(22,24)": 0.870206813328501,
    "(146,147)": 0.909288708574698,
    "(53,54)": 0.8662104582595491,
    "(177,178)": 0.8934455554165907,
    "(11,19)": 0.9434692773486133,
    "(37,44)": 0.8577627121583699,
    "(111,112)": 0.9054170139923067,
    "(108,107)": 0.9350105143852162,
    "(107,105)": 0.9155324698205723,
    "(113,130)": 0.8588166338483761,
    "(18,16)": 0.9146964479663113,
    "(176,174)": 0.9304638503503171,
    "(137,138)": 0.8785591920832687,
    "(116,117)": 0.87115208350025,
    "(110,108)": 0.9349114477906795,
    "(58,57)": 0.8508585723670643,
    "(139,140)": 0.8825773908377811,
    "(129,136)": 0.8636166106786743,
    "(131,130)": 0.9197755094632535,
    "(75,74)": 0.8538230822849314,
    "(130,128)": 0.9110601792734959,
    "(71,75)": 0.9091529161708791,
    "(87,85)": 0.9091155643475727,
    "(117,125)": 0.8964825943499897,
    "(143,151)": 0.8857639340259874,
    "(113,114)": 0.906514103330078,
    "(119,120)": 0.8592140551587244,
    "(69,76)": 0.8349809384911246,
    "(81,80)": 0.9011887003945491,
    "(72,73)": 0.9242163646874944,
    "(96,97)": 0.8653788102864158,
    "(64,62)": 0.8971723254888256,
    "(128,129)": 0.9003120923499647,
    "(154,155)": 0.8999310172106072,
    "(179,177)": 0.8928570855232477,
    "(145,146)": 0.8841342078652186,
    "(25,29)": 0.9351403893471668,
    "(114,115)": 0.9228414226900139,
    "(169,173)": 0.9090713126039145,
    "(144,143)": 0.9477812259999299,
    "(181,182)": 0.9133331321722797,
    "(125,126)": 0.855900686094036,
    "(78,79)": 0.9126201104322811,
    "(7,8)": 0.8601475330104097,
    "(140,148)": 0.942783411966997,
    "(157,158)": 0.9123660796094903,
    "(24,25)": 0.9254873830857762,
    "(169,170)": 0.9286506227259049,
    "(142,143)": 0.9036368698176201,
    "(79,80)": 0.8671904035267719,
    "(117,118)": 0.9076445182024027,
    "(88,89)": 0.9401404253640684,
    "(3,4)": 0.9044009443875176,
    "(43,44)": 0.9310074559736046,
    "(6,5)": 0.8922811637810276,
    "(118,119)": 0.8809309456642958,
    "(29,28)": 0.9091474630133569,
    "(97,105)": 0.8547617617446851,
    "(51,59)": 0.8704820531992546,
    "(123,127)": 0.910290847556668,
    "(98,97)": 0.8639885656251307,
    "(13,14)": 0.9066226286605409,
    "(124,125)": 0.9309752619946515,
    "(120,128)": 0.8707449426014909,
    "(151,152)": 0.8999610718801674,
    "(50,51)": 0.8871377366694777,
    "(172,180)": 0.8554892553139425,
    "(85,84)": 0.9178696355299317,
    "(174,175)": 0.8546088521129205,
    "(65,68)": 0.8874864532960454,
    "(15,13)": 0.9344232830670709,
    "(153,151)": 0.8533912604891123,
    "(140,141)": 0.8884109306650985,
    "(171,172)": 0.8927112159386973,
    "(82,83)": 0.8930238882311589,
    "(34,42)": 0.8854283870114867,
    "(56,57)": 0.9386986575960348,
    "(163,164)": 0.8767059591944469,
    "(68,70)": 0.802680008867755,
    "(16,15)": 0.9215105956781133,
    "(74,82)": 0.8996886252260904,
    "(27,28)": 0.8600456350886464,
    "(164,165)": 0.9271681917859054,
    "(154,153)": 0.8888097404097921,
    "(158,159)": 0.9395305902115921,