{
  "time_analysis": {
    "edge_delays": {
      "(49,50)": 1.4202282043793089,
      "(77,78)": 1.3427905783742489,
      "(9,10)": 1.6624927994166216,
      "(2,10)": 1.320560052288328,
      "(17,14)": 1.6051400715561912,
      "(62,61)": 1.4986361916686504,
      "(83,90)": 1.736483047713398,
      "(40,37)": 1.3263340152857195,
      "(86,83)": 1.3549115369938094,
      "(8,12)": 1.377728766769772,
      "(32,33)": 1.5778598031809183,
      "(88,91)": 1.6772828486328977,
      "(112,113)": 1.2724049835964166,
      "(8,9)": 1.7404759301017103,
      "(45,47)": 1.2052786808245335,
      "(25,33)": 1.6325611480623545,
      "(45,46)": 1.333432695365804,
      "(95,96)": 1.5685954108090527,
      "(67,68)": 1.6328546316188937,
      "(61,59)": 1.6096964030754743,
      "(94,98)": 1.355761635393755,
      "(14,21)": 1.3848978068979023,
      "(12,11)": 1.5348769463930936,
      "(89,90)": 1.4757251462372798,
      "(54,58)": 1.3614126078955193,
      "(41,39)": 1.5436900725036455,
      "(101,102)": 1.5298667798988483,
      "(109,106)": 1.6491306892385338,
      "(90,107)": 1.3421416006415952,
      "(100,101)": 1.4209798164159029,
      "(63,60)": 1.3357490280959954,
      "(22,23)": 1.44365782447287,
      "(22,24)": 1.7145993351022897,
      "(47,48)": 1.510164482855601,
      "(53,54)": 1.3063991754628175,
      "(71,72)": 1.460989030202239,
      "(35,34)": 1.7065258838320192,
      "(31,32)": 1.3978631059351052,
      "(94,95)": 1.6180626227386363,
      "(76,77)": 1.6381287727534715,
      "(11,19)": 1.4731557161705173,
      "(37,44)": 1.5630688259596555,
      "(111,112)": 1.4832454820055574,
      "(108,107)": 1.672013105239309,
      "(107,105)": 1.4467788489666207,
      "(90,91)": 1.6290200944795035,
      "(18,16)": 1.720247579257042,
      "(46,53)": 1.5897128285496698,
      "(25,26)": 1.443227902942098,
      "(110,108)": 1.5835227752149157,
      "(58,57)": 1.3583908975494425,
      "(38,36)": 1.1500000000000001,
      "(93,94)": 1.3152060767565512,
      "(75,74)": 1.5277042186982355,
      "(71,75)": 1.4239773817971444,
      "(54,55)": 1.3263245924865217,
      "(103,111)": 1.6316342035681686,
      "(65,66)": 1.6999820853183267,
      "(2,6)": 1.7218458697740209,
      "(87,85)": 1.234084323196091,
      "(52,51)": 1.5682087650753371,
      "(2,3)": 1.4328335538147345,
      "(28,36)": 1.1500000000000001,
      "(39,38)": 1.3510246105993975,
      "(48,52)": 1.337446909798249,
      "(113,114)": 1.3317306025184448,
      "(81,80)": 1.5336237071314063,
      "(69,76)": 1.1500000000000001,
      "(26,27)": 1.404970342609955,
      "(66,67)": 1.603097841268747,
      "(72,73)": 1.5030431650928677,
      "(96,97)": 1.44154245816345,
      "(4,5)": 1.427294693983323,
      "(64,62)": 1.5790117782975674,
      "(42,43)": 1.340916233247532,
      "(25,29)": 1.743959113674332,
      "(94,102)": 1.38875058394144,
      "(102,103)": 1.3532734086709717,
      "(114,115)": 1.3208873993073393,
      "(57,65)": 1.4479260045269164,
      "(5,13)": 1.5222992455231594,
      "(99,100)": 1.3281128348941738,
      "(78,79)": 1.488011675838795,
      "(7,8)": 1.3181545698766,
      "(48,49)": 1.7184680170560993,
      "(60,67)": 1.58410547571137,
      "(24,25)": 1.380395642753222,
      "(16,17)": 1.6486345870822634,
      "(21,22)": 1.665413692256869,
      "(79,80)": 1.6630563020574343,
      "(88,89)": 1.306105977123714,
      "(71,79)": 1.4414824798718402,
      "(3,4)": 1.2129354023108552,
      "(92,99)": 1.4801658729838025,
      "(43,44)": 1.3446251584131894,
      "(85,86)": 1.7230608845564852,
      "(6,5)": 1.5694939619545876,
      "(30,31)": 1.5086735043046047,
      "(29,28)": 1.6929221903797425,
      "(62,63)": 1.2030667934616064,
      "(59,60)": 1.7080677738015428,
      "(51,59)": 1.4125814061060278,
      "(97,105)": 1.5783682438005469,
      "(48,56)": 1.6683495288947838,
      "(68,69)": 1.4440959583459327,
      "(80,88)": 1.3897388181815349,
      "(19,20)": 1.495973001112974,
      "(44,45)": 1.7474839447310644,
      "(73,74)": 1.5215699546576182,
      "(1,2)": 1.3127470522633837,
      "(98,97)": 1.6133788870884693,
      "(13,14)": 1.4529023543390258,
      "(111,114)": 1.7463319484784776,
      "(104,103)": 1.342791079995208,
      "(31,35)": 1.4298597725478892,
      "(44,61)": 1.3592189045075234,
      "(50,51)": 1.5255790702896723,
      "(77,81)": 1.6206371259385357,
      "(85,84)": 1.1500000000000001,
      "(21,38)": 1.6151317829690381,
      "(42,45)": 1.4558380619235445,
      "(36,37)": 1.6193291672546737,
      "(65,68)": 1.3805020922932125,
      "(15,13)": 1.6105967184055294,
      "(105,106)": 1.5833013199842243,
      "(108,109)": 1.6397114366638745,
      "(82,83)": 1.5393073371246229,
      "(34,42)": 1.3419159842415793,
      "(56,57)": 1.3923624192021924,
      "(84,82)": 1.4887877762688757,
      "(68,70)": 1.5593728917660128,
      "(16,15)": 1.2103000711961682,
      "(74,82)": 1.748569807128407,
      "(27,28)": 1.4311066300073283,
      "(106,113)": 1.252601207101642,
      "(70,71)": 1.3329881366137706,
      "(23,30)": 1.5722303898334657,
      "(91,93)": 1.6335943645807447,
      "(10,11)": 1.7185737472287101,
      "(33,34)": 1.6916034939775106,
      "(39,40)": 1.4478825789704943,
      "(55,56)": 1.5999484417825405,
      "(19,22)": 1.436987477875983,
      "(91,92)": 1.5593767547996937,
      "(100,104)": 1.513508398712303,
      "(67,84)": 1.3270816020449203,
      "(20,21)": 1.469039921916901
    },
    "combination_function": "max_combination",
    "initial_time": 0.0,
    "analysis_type": "longest_path_time",
    "propagation_function": "additive_propagation",
    "node_durations": {
      "32": 1.1260649129399807,
      "109": 1.0719468787090376,
      "81": 1.075347055775135,
      "54": 1.095898531841342,
      "29": 1.0905969377633082,
      "101": 1.119379145376465,
      "78": 1.1229276652147797,
      "2": 1.0417353768083615,
      "1": 1.059142011839367,
      "3": 1.0714805440419815,
      "74": 1.0981928931369596,
      "41": 1.0676789464145133,
      "65": 1.05178245071578,
      "53": 1.0615067655807153,
      "51": 1.0834811994936167,
      "106": 1.1178330594658068,
      "27": 1.0631640994709406,
      "75": 1.1126464725533998,
      "42": 1.0637991097626187,
      "33": 1.0784940506706997,
      "28": 1.0373699551621125,
      "52": 1.0370186912939043,
      "50": 1.0530381111843896,
      "111": 1.0512652121382577,
      "63": 1.079698136230065,
      "115": 1.057466712084506,
      "92": 1.107448209644733,
      "88": 1.1083308402629155,
      "93": 1.0811304353224986,
      "26": 1.0403453835319636,
      "10": 1.0598728524667402,
      "77": 1.0374871786370365,
      "87": 1.0457823829234265,
      "24": 1.0575094511843188,
      "58": 1.0352367637907525,
      "25": 1.0594233770858141,
      "114": 1.0723274344948965,
      "23": 1.054003650932709,
      "49": 1.0651063919622563,
      "59": 1.035803658635414,
      "5": 1.0484396158677485,
      "31": 1.0625200913123565,
      "89": 1.131218743167916,
      "62": 1.0752074449793914,
      "43": 1.1260475193893065,
      "90": 1.0867932485862406,
      "39": 1.122245017249598,
      "112": 1.060498871144796,
      "34": 1.0680438391490135,
      "44": 1.1307587936347197,
      "94": 1.0841876466975453,
      "55": 1.0537383550521637,
      "86": 1.0682446497826767,
      "17": 1.072938725317195,
      "99": 1.1347318361016367,
      "71": 1.087290222146566,
      "37": 1.0787251596210066,
      "47": 1.0610556745267443,
      "9": 1.1714169215142696,
      "73": 1.0646734739705046,
      "82": 1.0581640495209306,
      "12": 1.053471855682736,
      "79": 1.04004088041135,
      "20": 1.0565740133099901,
      "6": 1.0657492621841747,
      "84": 1.1027705839663333,
      "104": 1.0369497115959527,
      "80": 1.0569997942744318,
      "98": 1.1329670749574092,
      "113": 1.0598357821512188,
      "110": 1.0911271603482107,
      "70": 1.0667321240361292,
      "14": 1.1044379594843545,