This is pdfTeX, Version 3.141592653-2.6-1.40.24 (MiKTeX 22.3) (preloaded format=pdflatex 2022.4.29)  18 AUG 2026 14:58
entering extended mode
 restricted \write18 enabled.
 %&-line parsing enabled.
**./main.tex
(main.tex
LaTeX2e <2021-11-15> patch level 1
L3 programming layer <2022-04-20>
(C:\Users\ohian\AppData\Local\Programs\MiKTeX\tex/latex/base\report.cls
Document Class: report 2021/10/04 v1.4n Standard LaTeX document class
(C:\Users\ohian\AppData\Local\Programs\MiKTeX\tex/latex/base\size12.clo
File: size12.clo 2021/10/04 v1.4n Standard LaTeX file (size option)
)
\c@part=\count185
\c@chapter=\count186
\c@section=\count187
\c@subsection=\count188
\c@subsubsection=\count189
\c@paragraph=\count190
\c@subparagraph=\count191
\c@figure=\count192
\c@table=\count193
\abovecaptionskip=\skip47
\belowcaptionskip=\skip48
\bibindent=\dimen138
)
(C:\Users\ohian\AppData\Local\Programs\MiKTeX\tex/latex/base\inputenc.sty
Package: inputenc 2021/02/14 v1.3d Input encoding file
\inpenc@prehook=\toks16
\inpenc@posthook=\toks17
)
(C:\Users\ohian\AppData\Local\Programs\MiKTeX\tex/latex/base\fontenc.sty
Package: fontenc 2021/04/29 v2.0v Standard LaTeX package
)
(C:\Users\ohian\AppData\Local\Programs\MiKTeX\tex/latex/graphics\graphicx.sty
Package: graphicx 2021/09/16 v1.2d Enhanced LaTeX Graphics (DPC,SPQR)

(C:\Users\ohian\AppData\Local\Programs\MiKTeX\tex/latex/graphics\keyval.sty
Package: keyval 2014/10/28 v1.15 key=value parser (DPC)
\KV@toks@=\toks18
)
(C:\Users\ohian\AppData\Local\Programs\MiKTeX\tex/latex/graphics\graphics.sty
Package: graphics 2021/03/04 v1.4d Standard LaTeX Graphics (DPC,SPQR)

(C:\Users\ohian\AppData\Local\Programs\MiKTeX\tex/latex/graphics\trig.sty
Package: trig 2021/08/11 v1.11 sin cos tan (DPC)
)
(C:\Users\ohian\AppData\Local\Programs\MiKTeX\tex/latex/graphics-cfg\graphics.c
fg
File: graphics.cfg 2016/06/04 v1.11 sample graphics configuration
)
Package graphics Info: Driver file: pdftex.def on input line 107.

(C:\Users\ohian\AppData\Local\Programs\MiKTeX\tex/latex/graphics-def\pdftex.def
File: pdftex.def 2020/10/05 v1.2a Graphics/color driver for pdftex
))
\Gin@req@height=\dimen139
\Gin@req@width=\dimen140
) (C:\Users\ohian\AppData\Local\Programs\MiKTeX\tex/latex/amsmath\amsmath.sty
Package: amsmath 2021/10/15 v2.17l AMS math features
\@mathmargin=\skip49
For additional information on amsmath, use the `?' option.
(C:\Users\ohian\AppData\Local\Programs\MiKTeX\tex/latex/amsmath\amstext.sty
Package: amstext 2021/08/26 v2.01 AMS text

(C:\Users\ohian\AppData\Local\Programs\MiKTeX\tex/latex/amsmath\amsgen.sty
File: amsgen.sty 1999/11/30 v2.0 generic functions
\@emptytoks=\toks19
\ex@=\dimen141
))
(C:\Users\ohian\AppData\Local\Programs\MiKTeX\tex/latex/amsmath\amsbsy.sty
Package: amsbsy 1999/11/29 v1.2d Bold Symbols
\pmbraise@=\dimen142
)
(C:\Users\ohian\AppData\Local\Programs\MiKTeX\tex/latex/amsmath\amsopn.sty
Package: amsopn 2021/08/26 v2.02 operator names
)
\inf@bad=\count194
LaTeX Info: Redefining \frac on input line 234.
\uproot@=\count195
\leftroot@=\count196
LaTeX Info: Redefining \overline on input line 399.
\classnum@=\count197
\DOTSCASE@=\count198
LaTeX Info: Redefining \ldots on input line 496.
LaTeX Info: Redefining \dots on input line 499.
LaTeX Info: Redefining \cdots on input line 620.
\Mathstrutbox@=\box50
\strutbox@=\box51
\big@size=\dimen143
LaTeX Font Info:    Redeclaring font encoding OML on input line 743.
LaTeX Font Info:    Redeclaring font encoding OMS on input line 744.
\macc@depth=\count199
\c@MaxMatrixCols=\count266
\dotsspace@=\muskip16
\c@parentequation=\count267
\dspbrk@lvl=\count268
\tag@help=\toks20
\row@=\count269
\column@=\count270
\maxfields@=\count271
\andhelp@=\toks21
\eqnshift@=\dimen144
\alignsep@=\dimen145
\tagshift@=\dimen146
\tagwidth@=\dimen147
\totwidth@=\dimen148
\lineht@=\dimen149
\@envbody=\toks22
\multlinegap=\skip50
\multlinetaggap=\skip51
\mathdisplay@stack=\toks23
LaTeX Info: Redefining \[ on input line 2938.
LaTeX Info: Redefining \] on input line 2939.
)
(C:\Users\ohian\AppData\Local\Programs\MiKTeX\tex/latex/amsfonts\amssymb.sty
Package: amssymb 2013/01/14 v3.01 AMS font symbols

(C:\Users\ohian\AppData\Local\Programs\MiKTeX\tex/latex/amsfonts\amsfonts.sty
Package: amsfonts 2013/01/14 v3.01 Basic AMSFonts support
\symAMSa=\mathgroup4
\symAMSb=\mathgroup5
LaTeX Font Info:    Redeclaring math symbol \hbar on input line 98.
LaTeX Font Info:    Overwriting math alphabet `\mathfrak' in version `bold'
(Font)                  U/euf/m/n --> U/euf/b/n on input line 106.
)) (C:\Users\ohian\AppData\Local\Programs\MiKTeX\tex/latex/amscls\amsthm.sty
Package: amsthm 2020/05/29 v2.20.6
\thm@style=\toks24
\thm@bodyfont=\toks25
\thm@headfont=\toks26
\thm@notefont=\toks27
\thm@headpunct=\toks28
\thm@preskip=\skip52
\thm@postskip=\skip53
\thm@headsep=\skip54
\dth@everypar=\toks29
)
(C:\Users\ohian\AppData\Local\Programs\MiKTeX\tex/generic/babel\babel.sty
Package: babel 2022/02/26 3.73 The Babel package
\babel@savecnt=\count272
\U@D=\dimen150
\l@unhyphenated=\language79

(C:\Users\ohian\AppData\Local\Programs\MiKTeX\tex/generic/babel\txtbabel.def)
\bbl@readstream=\read2
\bbl@dirlevel=\count273

*************************************
* Local config file bblopts.cfg used
*
(C:\Users\ohian\AppData\Local\Programs\MiKTeX\tex/latex/arabi\bblopts.cfg
File: bblopts.cfg 2005/09/08 v0.1 add Arabic and Farsi to "declared" options of
 babel
)
(C:\Users\ohian\AppData\Local\Programs\MiKTeX\tex/latex/babel-english\british.l
df
Language: british 2017/06/06 v3.3r English support from the babel system

(C:\Users\ohian\AppData\Local\Programs\MiKTeX\tex/latex/babel-english\english.l
df
Language: english 2017/06/06 v3.3r English support from the babel system
Package babel Info: Hyphen rules for 'canadian' set to \l@english
(babel)             (\language0). Reported on input line 102.
Package babel Info: Hyphen rules for 'australian' set to \l@ukenglish
(babel)             (\language73). Reported on input line 105.
Package babel Info: Hyphen rules for 'newzealand' set to \l@ukenglish
(babel)             (\language73). Reported on input line 108.
)))
(C:\Users\ohian\AppData\Local\Programs\MiKTeX\tex/latex/csquotes\csquotes.sty
Package: csquotes 2024-04-04 v5.2o context-sensitive quotations (JAW)

(C:\Users\ohian\AppData\Local\Programs\MiKTeX\tex/latex/etoolbox\etoolbox.sty
Package: etoolbox 2020/10/05 v2.5k e-TeX tools for LaTeX (JAW)
\etb@tempcnta=\count274
)
\csq@reset=\count275
\csq@gtype=\count276
\csq@glevel=\count277
\csq@qlevel=\count278
\csq@maxlvl=\count279
\csq@tshold=\count280
\csq@ltx@everypar=\toks30

(C:\Users\ohian\AppData\Local\Programs\MiKTeX\tex/latex/csquotes\csquotes.def
File: csquotes.def 2024-04-04 v5.2o csquotes generic definitions (JAW)
)
Package csquotes Info: Trying to load configuration file 'csquotes.cfg'...
Package csquotes Info: ... configuration file loaded successfully.

(C:\Users\ohian\AppData\Local\Programs\MiKTeX\tex/latex/csquotes\csquotes.cfg
File: csquotes.cfg 
)) (C:\Users\ohian\AppData\Local\Programs\MiKTeX\tex/latex/biblatex\biblatex.st
y
Package: biblatex 2022/02/02 v3.17 programmable bibliographies (PK/MW)

(C:\Users\ohian\AppData\Local\Programs\MiKTeX\tex/generic/pdftexcmds\pdftexcmds
.sty
Package: pdftexcmds 2020-06-27 v0.33 Utility functions of pdfTeX for LuaTeX (HO
)

(C:\Users\ohian\AppData\Local\Programs\MiKTeX\tex/generic/infwarerr\infwarerr.s
ty
Package: infwarerr 2019/12/03 v1.5 Providing info/warning/error messages (HO)
) (C:\Users\ohian\AppData\Local\Programs\MiKTeX\tex/generic/iftex\iftex.sty
Package: iftex 2022/02/03 v1.0f TeX engine tests
)
(C:\Users\ohian\AppData\Local\Programs\MiKTeX\tex/generic/ltxcmds\ltxcmds.sty
Package: ltxcmds 2020-05-10 v1.25 LaTeX kernel commands for general use (HO)
)
Package pdftexcmds Info: \pdf@primitive is available.
Package pdftexcmds Info: \pdf@ifprimitive is available.
Package pdftexcmds Info: \pdfdraftmode found.
)
(C:\Users\ohian\AppData\Local\Programs\MiKTeX\tex/latex/kvoptions\kvoptions.sty
Package: kvoptions 2020-10-07 v3.14 Key value format for package options (HO)

(C:\Users\ohian\AppData\Local\Programs\MiKTeX\tex/generic/kvsetkeys\kvsetkeys.s
ty
Package: kvsetkeys 2019/12/15 v1.18 Key value parser (HO)
)) (C:\Users\ohian\AppData\Local\Programs\MiKTeX\tex/latex/logreq\logreq.sty
Package: logreq 2010/08/04 v1.0 xml request logger
\lrq@indent=\count281

(C:\Users\ohian\AppData\Local\Programs\MiKTeX\tex/latex/logreq\logreq.def
File: logreq.def 2010/08/04 v1.0 logreq spec v1.0
))
(C:\Users\ohian\AppData\Local\Programs\MiKTeX\tex/latex/base\ifthen.sty
Package: ifthen 2020/11/24 v1.1c Standard LaTeX ifthen package (DPC)
)
(C:\Users\ohian\AppData\Local\Programs\MiKTeX\tex/latex/url\url.sty
\Urlmuskip=\muskip17
Package: url 2013/09/16  ver 3.4  Verb mode for urls, etc.
)
\c@tabx@nest=\count282
\c@listtotal=\count283
\c@listcount=\count284
\c@liststart=\count285
\c@liststop=\count286
\c@citecount=\count287
\c@citetotal=\count288
\c@multicitecount=\count289
\c@multicitetotal=\count290
\c@instcount=\count291
\c@maxnames=\count292
\c@minnames=\count293
\c@maxitems=\count294
\c@minitems=\count295
\c@citecounter=\count296
\c@maxcitecounter=\count297
\c@savedcitecounter=\count298
\c@uniquelist=\count299
\c@uniquename=\count300
\c@refsection=\count301
\c@refsegment=\count302
\c@maxextratitle=\count303
\c@maxextratitleyear=\count304
\c@maxextraname=\count305
\c@maxextradate=\count306
\c@maxextraalpha=\count307
\c@abbrvpenalty=\count308
\c@highnamepenalty=\count309
\c@lownamepenalty=\count310
\c@maxparens=\count311
\c@parenlevel=\count312
\blx@tempcnta=\count313
\blx@tempcntb=\count314
\blx@tempcntc=\count315
\c@blx@maxsection=\count316
\c@blx@maxsegment@0=\count317
\blx@notetype=\count318
\blx@parenlevel@text=\count319
\blx@parenlevel@foot=\count320
\c@blx@sectionciteorder@0=\count321
\blx@entrysetcounter=\count322
\blx@biblioinstance=\count323
\labelnumberwidth=\skip55
\labelalphawidth=\skip56
\biblabelsep=\skip57
\bibitemsep=\skip58
\bibnamesep=\skip59
\bibinitsep=\skip60
\bibparsep=\skip61
\bibhang=\skip62
\blx@bcfin=\read3
\blx@bcfout=\write3
\blx@langwohyphens=\language80
\c@mincomprange=\count324
\c@maxcomprange=\count325
\c@mincompwidth=\count326
Package biblatex Info: Trying to load biblatex default data model...
Package biblatex Info: ... file 'blx-dm.def' found.

(C:\Users\ohian\AppData\Local\Programs\MiKTeX\tex/latex/biblatex\blx-dm.def
File: blx-dm.def 2022/02/02 v3.17 biblatex localization (PK/MW)
)
Package biblatex Info: Trying to load biblatex style data model...
Package biblatex Info: ... file 'ieee.dbx' not found.
Package biblatex Info: Trying to load biblatex custom data model...
Package biblatex Info: ... file 'biblatex-dm.cfg' not found.
\c@afterword=\count327
\c@savedafterword=\count328
\c@annotator=\count329
\c@savedannotator=\count330
\c@author=\count331
\c@savedauthor=\count332
\c@bookauthor=\count333
\c@savedbookauthor=\count334
\c@commentator=\count335
\c@savedcommentator=\count336
\c@editor=\count337
\c@savededitor=\count338
\c@editora=\count339
\c@savededitora=\count340
\c@editorb=\count341
\c@savededitorb=\count342
\c@editorc=\count343
\c@savededitorc=\count344
\c@foreword=\count345
\c@savedforeword=\count346
\c@holder=\count347
\c@savedholder=\count348
\c@introduction=\count349
\c@savedintroduction=\count350
\c@namea=\count351
\c@savednamea=\count352
\c@nameb=\count353
\c@savednameb=\count354
\c@namec=\count355
\c@savednamec=\count356
\c@translator=\count357
\c@savedtranslator=\count358
\c@shortauthor=\count359
\c@savedshortauthor=\count360
\c@shorteditor=\count361
\c@savedshorteditor=\count362
\c@labelname=\count363
\c@savedlabelname=\count364
\c@institution=\count365
\c@savedinstitution=\count366
\c@lista=\count367
\c@savedlista=\count368
\c@listb=\count369
\c@savedlistb=\count370
\c@listc=\count371
\c@savedlistc=\count372
\c@listd=\count373
\c@savedlistd=\count374
\c@liste=\count375
\c@savedliste=\count376
\c@listf=\count377
\c@savedlistf=\count378
\c@location=\count379
\c@savedlocation=\count380
\c@organization=\count381
\c@savedorganization=\count382
\c@origlocation=\count383
\c@savedoriglocation=\count384
\c@origpublisher=\count385
\c@savedorigpublisher=\count386
\c@publisher=\count387
\c@savedpublisher=\count388
\c@language=\count389
\c@savedlanguage=\count390
\c@origlanguage=\count391
\c@savedoriglanguage=\count392
\c@pageref=\count393
\c@savedpageref=\count394
\shorthandwidth=\skip63
\shortjournalwidth=\skip64
\shortserieswidth=\skip65
\shorttitlewidth=\skip66
\shortauthorwidth=\skip67
\shorteditorwidth=\skip68
\locallabelnumberwidth=\skip69
\locallabelalphawidth=\skip70
\localshorthandwidth=\skip71
\localshortjournalwidth=\skip72
\localshortserieswidth=\skip73
\localshorttitlewidth=\skip74
\localshortauthorwidth=\skip75
\localshorteditorwidth=\skip76
Package biblatex Info: Trying to load compatibility code...
Package biblatex Info: ... file 'blx-compat.def' found.

(C:\Users\ohian\AppData\Local\Programs\MiKTeX\tex/latex/biblatex\blx-compat.def
File: blx-compat.def 2022/02/02 v3.17 biblatex compatibility (PK/MW)
)
Package biblatex Info: Trying to load generic definitions...
Package biblatex Info: ... file 'biblatex.def' found.
 (C:\Users\ohian\AppData\Local\Programs\MiKTeX\tex/latex/biblatex\biblatex.def
File: biblatex.def 2022/02/02 v3.17 biblatex compatibility (PK/MW)
\c@textcitecount=\count395
\c@textcitetotal=\count396
\c@textcitemaxnames=\count397
\c@biburlbigbreakpenalty=\count398
\c@biburlbreakpenalty=\count399
\c@biburlnumpenalty=\count400
\c@biburlucpenalty=\count401
\c@biburllcpenalty=\count402
\biburlbigskip=\muskip18
\biburlnumskip=\muskip19
\biburlucskip=\muskip20
\biburllcskip=\muskip21
\c@smartand=\count403
)
Package biblatex Info: Trying to load bibliography style 'ieee'...
Package biblatex Info: ... file 'ieee.bbx' found.

(C:\Users\ohian\AppData\Local\Programs\MiKTeX\tex/latex/biblatex-ieee\ieee.bbx
File: ieee.bbx 2025-08-01 v1.4f biblatex bibliography style
Package biblatex Info: Trying to load bibliography style 'numeric-comp'...
Package biblatex Info: ... file 'numeric-comp.bbx' found.

(C:\Users\ohian\AppData\Local\Programs\MiKTeX\tex/latex/biblatex/bbx\numeric-co
mp.bbx
File: numeric-comp.bbx 2022/02/02 v3.17 biblatex bibliography style (PK/MW)
Package biblatex Info: Trying to load bibliography style 'numeric'...
Package biblatex Info: ... file 'numeric.bbx' found.

(C:\Users\ohian\AppData\Local\Programs\MiKTeX\tex/latex/biblatex/bbx\numeric.bb
x
File: numeric.bbx 2022/02/02 v3.17 biblatex bibliography style (PK/MW)
Package biblatex Info: Trying to load bibliography style 'standard'...
Package biblatex Info: ... file 'standard.bbx' found.

(C:\Users\ohian\AppData\Local\Programs\MiKTeX\tex/latex/biblatex/bbx\standard.b
bx
File: standard.bbx 2022/02/02 v3.17 biblatex bibliography style (PK/MW)
\c@bbx:relatedcount=\count404
\c@bbx:relatedtotal=\count405
))))
Package biblatex Info: Trying to load citation style 'numeric-comp'...
Package biblatex Info: ... file 'numeric-comp.cbx' found.

(C:\Users\ohian\AppData\Local\Programs\MiKTeX\tex/latex/biblatex/cbx\numeric-co
mp.cbx
File: numeric-comp.cbx 2022/02/02 v3.17 biblatex citation style (PK/MW)
\c@cbx@tempcnta=\count406
\c@cbx@tempcntb=\count407
\c@cbx@tempcntc=\count408
\c@cbx@tempcntd=\count409
Package biblatex Info: Redefining '\cite'.
Package biblatex Info: Redefining '\parencite'.
Package biblatex Info: Redefining '\footcite'.
Package biblatex Info: Redefining '\footcitetext'.
Package biblatex Info: Redefining '\smartcite'.
Package biblatex Info: Redefining '\supercite'.
Package biblatex Info: Redefining '\textcite'.
Package biblatex Info: Redefining '\textcites'.
Package biblatex Info: Redefining '\cites'.
Package biblatex Info: Redefining '\parencites'.
Package biblatex Info: Redefining '\smartcites'.
)
Package biblatex Info: Trying to load configuration file...
Package biblatex Info: ... file 'biblatex.cfg' found.

(C:\Users\ohian\AppData\Local\Programs\MiKTeX\tex/latex/biblatex\biblatex.cfg
File: biblatex.cfg 
)
Package biblatex Info: Input encoding 'utf8' detected.
Package biblatex Info: Document encoding is UTF8 ....

(C:\Users\ohian\AppData\Local\Programs\MiKTeX\tex/latex/l3kernel\expl3.sty
Package: expl3 2022-04-20 L3 programming layer (loader) 

(C:\Users\ohian\AppData\Local\Programs\MiKTeX\tex/latex/l3backend\l3backend-pdf
tex.def
File: l3backend-pdftex.def 2022-04-20 L3 backend support: PDF output (pdfTeX)
\l__color_backend_stack_int=\count410
\l__pdf_internal_box=\box52
))
Package biblatex Info: ... and expl3
(biblatex)             2022-04-20 L3 programming layer (loader) 
(biblatex)             is new enough (at least 2020/04/06),
(biblatex)             setting 'casechanger=expl3'.

(C:\Users\ohian\AppData\Local\Programs\MiKTeX\tex/latex/biblatex\blx-case-expl3
.sty
(C:\Users\ohian\AppData\Local\Programs\MiKTeX\tex/latex/l3packages/xparse\xpars
e.sty
Package: xparse 2022-01-12 L3 Experimental document command parser
)
Package: blx-case-expl3 2022/02/02 v3.17 expl3 case changing code for biblatex
))
(C:\Users\ohian\AppData\Local\Programs\MiKTeX\tex/latex/hyperref\hyperref.sty
Package: hyperref 2022-02-21 v7.00n Hypertext links for LaTeX

(C:\Users\ohian\AppData\Local\Programs\MiKTeX\tex/generic/kvdefinekeys\kvdefine
keys.sty
Package: kvdefinekeys 2019-12-19 v1.6 Define keys (HO)
)
(C:\Users\ohian\AppData\Local\Programs\MiKTeX\tex/generic/pdfescape\pdfescape.s
ty
Package: pdfescape 2019/12/09 v1.15 Implements pdfTeX's escape features (HO)
) (C:\Users\ohian\AppData\Local\Programs\MiKTeX\tex/latex/hycolor\hycolor.sty
Package: hycolor 2020-01-27 v1.10 Color options for hyperref/bookmark (HO)
)
(C:\Users\ohian\AppData\Local\Programs\MiKTeX\tex/latex/letltxmacro\letltxmacro
.sty
Package: letltxmacro 2019/12/03 v1.6 Let assignment for LaTeX macros (HO)
)
(C:\Users\ohian\AppData\Local\Programs\MiKTeX\tex/latex/auxhook\auxhook.sty
Package: auxhook 2019-12-17 v1.6 Hooks for auxiliary files (HO)
)
\@linkdim=\dimen151
\Hy@linkcounter=\count411
\Hy@pagecounter=\count412

(C:\Users\ohian\AppData\Local\Programs\MiKTeX\tex/latex/hyperref\pd1enc.def
File: pd1enc.def 2022-02-21 v7.00n Hyperref: PDFDocEncoding definition (HO)
Now handling font encoding PD1 ...
... no UTF-8 mapping file for font encoding PD1
)
(C:\Users\ohian\AppData\Local\Programs\MiKTeX\tex/generic/intcalc\intcalc.sty
Package: intcalc 2019/12/15 v1.3 Expandable calculations with integers (HO)
)
(C:\Users\ohian\AppData\Local\Programs\MiKTeX\tex/generic/etexcmds\etexcmds.sty
Package: etexcmds 2019/12/15 v1.7 Avoid name clashes with e-TeX commands (HO)
)
\Hy@SavedSpaceFactor=\count413
 (C:\Users\ohian\AppData\Local\Programs\MiKTeX\tex/latex/hyperref\puenc.def
File: puenc.def 2022-02-21 v7.00n Hyperref: PDF Unicode definition (HO)
Now handling font encoding PU ...
... no UTF-8 mapping file for font encoding PU
)
Package hyperref Info: Hyper figures OFF on input line 4137.
Package hyperref Info: Link nesting OFF on input line 4142.
Package hyperref Info: Hyper index ON on input line 4145.
Package hyperref Info: Plain pages OFF on input line 4152.
Package hyperref Info: Backreferencing OFF on input line 4157.
Package hyperref Info: Implicit mode ON; LaTeX internals redefined.
Package hyperref Info: Bookmarks ON on input line 4390.
\c@Hy@tempcnt=\count414
LaTeX Info: Redefining \url on input line 4749.
\XeTeXLinkMargin=\dimen152

(C:\Users\ohian\AppData\Local\Programs\MiKTeX\tex/generic/bitset\bitset.sty
Package: bitset 2019/12/09 v1.3 Handle bit-vector datatype (HO)

(C:\Users\ohian\AppData\Local\Programs\MiKTeX\tex/generic/bigintcalc\bigintcalc
.sty
Package: bigintcalc 2019/12/15 v1.5 Expandable calculations on big integers (HO
)
))
\Fld@menulength=\count415
\Field@Width=\dimen153
\Fld@charsize=\dimen154
Package hyperref Info: Hyper figures OFF on input line 6027.
Package hyperref Info: Link nesting OFF on input line 6032.
Package hyperref Info: Hyper index ON on input line 6035.
Package hyperref Info: backreferencing OFF on input line 6042.
Package hyperref Info: Link coloring OFF on input line 6047.
Package hyperref Info: Link coloring with OCG OFF on input line 6052.
Package hyperref Info: PDF/A mode OFF on input line 6057.
LaTeX Info: Redefining \ref on input line 6097.
LaTeX Info: Redefining \pageref on input line 6101.

(C:\Users\ohian\AppData\Local\Programs\MiKTeX\tex/latex/base\atbegshi-ltx.sty
Package: atbegshi-ltx 2021/01/10 v1.0c Emulation of the original atbegshi
package with kernel methods
)
\Hy@abspage=\count416
\c@Item=\count417
\c@Hfootnote=\count418
)
Package hyperref Info: Driver (autodetected): hpdftex.
(C:\Users\ohian\AppData\Local\Programs\MiKTeX\tex/latex/hyperref\hpdftex.def
File: hpdftex.def 2022-02-21 v7.00n Hyperref driver for pdfTeX

(C:\Users\ohian\AppData\Local\Programs\MiKTeX\tex/latex/base\atveryend-ltx.sty
Package: atveryend-ltx 2020/08/19 v1.0a Emulation of the original atveryend pac
kage
with kernel methods
)
\Fld@listcount=\count419
\c@bookmark@seq@number=\count420

(C:\Users\ohian\AppData\Local\Programs\MiKTeX\tex/latex/rerunfilecheck\rerunfil
echeck.sty
Package: rerunfilecheck 2019/12/05 v1.9 Rerun checks for auxiliary files (HO)

(C:\Users\ohian\AppData\Local\Programs\MiKTeX\tex/generic/uniquecounter\uniquec
ounter.sty
Package: uniquecounter 2019/12/15 v1.4 Provide unlimited unique counter (HO)
)
Package uniquecounter Info: New unique counter `rerunfilecheck' on input line 2
86.
)
\Hy@SectionHShift=\skip77
)
(C:\Users\ohian\AppData\Local\Programs\MiKTeX\tex/latex/geometry\geometry.sty
Package: geometry 2020/01/02 v5.9 Page Geometry

(C:\Users\ohian\AppData\Local\Programs\MiKTeX\tex/generic/iftex\ifvtex.sty
Package: ifvtex 2019/10/25 v1.7 ifvtex legacy package. Use iftex instead.
)
\Gm@cnth=\count421
\Gm@cntv=\count422
\c@Gm@tempcnt=\count423
\Gm@bindingoffset=\dimen155
\Gm@wd@mp=\dimen156
\Gm@odd@mp=\dimen157
\Gm@even@mp=\dimen158
\Gm@layoutwidth=\dimen159
\Gm@layoutheight=\dimen160
\Gm@layouthoffset=\dimen161
\Gm@layoutvoffset=\dimen162
\Gm@dimlist=\toks31

(C:\Users\ohian\AppData\Local\Programs\MiKTeX\tex/latex/geometry\geometry.cfg))
(C:\Users\ohian\AppData\Local\Programs\MiKTeX\tex/latex/setspace\setspace.sty
Package: setspace 2022/12/04 v6.7b set line spacing
)
(C:\Users\ohian\AppData\Local\Programs\MiKTeX\tex/latex/fancyhdr\fancyhdr.sty
Package: fancyhdr 2025/02/07 v5.2 Extensive control of page headers and footers

\f@nch@headwidth=\skip78
\f@nch@offset@elh=\skip79
\f@nch@offset@erh=\skip80
\f@nch@offset@olh=\skip81
\f@nch@offset@orh=\skip82
\f@nch@offset@elf=\skip83
\f@nch@offset@erf=\skip84
\f@nch@offset@olf=\skip85
\f@nch@offset@orf=\skip86
\f@nch@height=\skip87
\f@nch@footalignment=\skip88
\f@nch@widthL=\skip89
\f@nch@widthC=\skip90
\f@nch@widthR=\skip91
\@temptokenb=\toks32
)
(C:\Users\ohian\AppData\Local\Programs\MiKTeX\tex/latex/caption\caption.sty
Package: caption 2023/08/05 v3.6o Customizing captions (AR)

(C:\Users\ohian\AppData\Local\Programs\MiKTeX\tex/latex/caption\caption3.sty
Package: caption3 2023/07/31 v2.4d caption3 kernel (AR)
\caption@tempdima=\dimen163
\captionmargin=\dimen164
\caption@leftmargin=\dimen165
\caption@rightmargin=\dimen166
\caption@width=\dimen167
\caption@indent=\dimen168
\caption@parindent=\dimen169
\caption@hangindent=\dimen170
Package caption Info: Standard document class detected.
)
\c@caption@flags=\count424
\c@continuedfloat=\count425
Package caption Info: hyperref package is loaded.
)
(C:\Users\ohian\AppData\Local\Programs\MiKTeX\tex/latex/caption\subcaption.sty
Package: subcaption 2023/07/28 v1.6b Sub-captions (AR)
Package caption Info: New subtype `subfigure' on input line 238.
\c@subfigure=\count426
Package caption Info: New subtype `subtable' on input line 238.
\c@subtable=\count427
) (C:\Users\ohian\AppData\Local\Programs\MiKTeX\tex/latex/booktabs\booktabs.sty
Package: booktabs 2020/01/12 v1.61803398 Publication quality tables
\heavyrulewidth=\dimen171
\lightrulewidth=\dimen172
\cmidrulewidth=\dimen173
\belowrulesep=\dimen174
\belowbottomsep=\dimen175
\aboverulesep=\dimen176
\abovetopsep=\dimen177
\cmidrulesep=\dimen178
\cmidrulekern=\dimen179
\defaultaddspace=\dimen180
\@cmidla=\count428
\@cmidlb=\count429
\@aboverulesep=\dimen181
\@belowrulesep=\dimen182
\@thisruleclass=\count430
\@lastruleclass=\count431
\@thisrulewidth=\dimen183
) (C:\Users\ohian\AppData\Local\Programs\MiKTeX\tex/latex/multirow\multirow.sty
Package: multirow 2024/11/12 v2.9 Span multiple rows of a table
\multirow@colwidth=\skip92
\multirow@cntb=\count432
\multirow@dima=\skip93
\bigstrutjot=\dimen184
) (C:\Users\ohian\AppData\Local\Programs\MiKTeX\tex/latex/listings\listings.sty
\lst@mode=\count433
\lst@gtempboxa=\box53
\lst@token=\toks33
\lst@length=\count434
\lst@currlwidth=\dimen185
\lst@column=\count435
\lst@pos=\count436
\lst@lostspace=\dimen186
\lst@width=\dimen187
\lst@newlines=\count437
\lst@lineno=\count438
\lst@maxwidth=\dimen188

(C:\Users\ohian\AppData\Local\Programs\MiKTeX\tex/latex/listings\lstmisc.sty
File: lstmisc.sty 2020/03/24 1.8d (Carsten Heinz)
\c@lstnumber=\count439
\lst@skipnumbers=\count440
\lst@framebox=\box54
)
(C:\Users\ohian\AppData\Local\Programs\MiKTeX\tex/latex/listings\listings.cfg
File: listings.cfg 2020/03/24 1.8d listings configuration
))
Package: listings 2020/03/24 1.8d (Carsten Heinz)
(C:\Users\ohian\AppData\Local\Programs\MiKTeX\tex/latex/xcolor\xcolor.sty
Package: xcolor 2021/10/31 v2.13 LaTeX color extensions (UK)

(C:\Users\ohian\AppData\Local\Programs\MiKTeX\tex/latex/graphics-cfg\color.cfg
File: color.cfg 2016/01/02 v1.6 sample color configuration
)
Package xcolor Info: Driver file: pdftex.def on input line 227.
Package xcolor Info: Model `cmy' substituted by `cmy0' on input line 1352.
Package xcolor Info: Model `hsb' substituted by `rgb' on input line 1356.
Package xcolor Info: Model `RGB' extended on input line 1368.
Package xcolor Info: Model `HTML' substituted by `rgb' on input line 1370.
Package xcolor Info: Model `Hsb' substituted by `hsb' on input line 1371.
Package xcolor Info: Model `tHsb' substituted by `hsb' on input line 1372.
Package xcolor Info: Model `HSB' substituted by `hsb' on input line 1373.
Package xcolor Info: Model `Gray' substituted by `gray' on input line 1374.
Package xcolor Info: Model `wave' substituted by `hsb' on input line 1375.
)
(C:\Users\ohian\AppData\Local\Programs\MiKTeX\tex/latex/algorithms\algorithm.st
y
Package: algorithm 2009/08/24 v0.1 Document Style `algorithm' - floating enviro
nment
 (C:\Users\ohian\AppData\Local\Programs\MiKTeX\tex/latex/float\float.sty
Package: float 2001/11/08 v1.3d Float enhancements (AL)
\c@float@type=\count441
\float@exts=\toks34
\float@box=\box55
\@float@everytoks=\toks35
\@floatcapt=\box56
)
\@float@every@algorithm=\toks36
\c@algorithm=\count442
)
(C:\Users\ohian\AppData\Local\Programs\MiKTeX\tex/latex/algorithmicx\algpseudoc
ode.sty
Package: algpseudocode 

(C:\Users\ohian\AppData\Local\Programs\MiKTeX\tex/latex/algorithmicx\algorithmi
cx.sty
Package: algorithmicx 2005/04/27 v1.2 Algorithmicx

Document Style algorithmicx 1.2 - a greatly improved `algorithmic' style
\c@ALG@line=\count443
\c@ALG@rem=\count444
\c@ALG@nested=\count445
\ALG@tlm=\skip94
\ALG@thistlm=\skip95
\c@ALG@Lnr=\count446
\c@ALG@blocknr=\count447
\c@ALG@storecount=\count448
\c@ALG@tmpcounter=\count449
\ALG@tmplength=\skip96
)
Document Style - pseudocode environments for use with the `algorithmicx' style
) (C:\Users\ohian\AppData\Local\Programs\MiKTeX\tex/latex/enumitem\enumitem.sty
Package: enumitem 2025/02/06 v3.11 Customized lists
\labelindent=\skip97
\enit@outerparindent=\dimen189
\enit@toks=\toks37
\enit@inbox=\box57
\enit@count@id=\count450
\enitdp@description=\count451
)
(C:\Users\ohian\AppData\Local\Programs\MiKTeX\tex/latex/threeparttable\threepar
ttable.sty
Package: threeparttable 2003/06/13  v 3.0
\@tempboxb=\box58
)
(C:\Users\ohian\AppData\Local\Programs\MiKTeX\tex/latex/placeins\placeins.sty
Package: placeins 2005/04/18  v 2.2
)
(C:\Users\ohian\AppData\Local\Programs\MiKTeX\tex/latex/tools\longtable.sty
Package: longtable 2021-09-01 v4.17 Multi-page Table package (DPC)
\LTleft=\skip98
\LTright=\skip99
\LTpre=\skip100
\LTpost=\skip101
\LTchunksize=\count452
\LTcapwidth=\dimen190
\LT@head=\box59
\LT@firsthead=\box60
\LT@foot=\box61
\LT@lastfoot=\box62
\LT@gbox=\box63
\LT@cols=\count453
\LT@rows=\count454
\c@LT@tables=\count455
\c@LT@chunks=\count456
\LT@p@ftn=\toks38
)
(C:\Users\ohian\AppData\Local\Programs\MiKTeX\tex/latex/tools\array.sty
Package: array 2021/10/04 v2.5f Tabular extension package (FMi)
\col@sep=\dimen191
\ar@mcellbox=\box64
\extrarowheight=\dimen192
\NC@list=\toks39
\extratabsurround=\skip102
\backup@length=\skip103
\ar@cellbox=\box65
)
(C:\Users\ohian\AppData\Local\Programs\MiKTeX\tex/latex/pdflscape\pdflscape.sty
Package: pdflscape 2022-10-27 v0.13 Display of landscape pages in PDF

(C:\Users\ohian\AppData\Local\Programs\MiKTeX\tex/latex/pdflscape\pdflscape-nom
etadata.sty
Package: pdflscape-nometadata 2022-10-28 v0.13 Display of landscape pages in PD
F (HO)

(C:\Users\ohian\AppData\Local\Programs\MiKTeX\tex/latex/graphics\lscape.sty
Package: lscape 2020/05/28 v3.02 Landscape Pages (DPC)
)
Package pdflscape Info: Auto-detected driver: pdftex on input line 81.
))
(C:\Users\ohian\AppData\Local\Programs\MiKTeX\tex/latex/makecell\makecell.sty
Package: makecell 2009/08/03 V0.1e Managing of Tab Column Heads and Cells
\rotheadsize=\dimen193
\c@nlinenum=\count457
\TeXr@lab=\toks40
)
(C:\Users\ohian\AppData\Local\Programs\MiKTeX\tex/latex/appendix\appendix.sty
Package: appendix 2020/02/08 v1.2c extra appendix facilities
\c@@pps=\count458
\c@@ppsavesec=\count459
\c@@ppsaveapp=\count460
)
(C:\Users\ohian\AppData\Local\Programs\MiKTeX\tex/latex/pgf/frontendlayer\tikz.
sty
(C:\Users\ohian\AppData\Local\Programs\MiKTeX\tex/latex/pgf/basiclayer\pgf.sty
(C:\Users\ohian\AppData\Local\Programs\MiKTeX\tex/latex/pgf/utilities\pgfrcs.st
y
(C:\Users\ohian\AppData\Local\Programs\MiKTeX\tex/generic/pgf/utilities\pgfutil
-common.tex
\pgfutil@everybye=\toks41
\pgfutil@tempdima=\dimen194
\pgfutil@tempdimb=\dimen195

(C:\Users\ohian\AppData\Local\Programs\MiKTeX\tex/generic/pgf/utilities\pgfutil
-common-lists.tex))
(C:\Users\ohian\AppData\Local\Programs\MiKTeX\tex/generic/pgf/utilities\pgfutil
-latex.def
\pgfutil@abb=\box66
)
(C:\Users\ohian\AppData\Local\Programs\MiKTeX\tex/generic/pgf/utilities\pgfrcs.
code.tex
(C:\Users\ohian\AppData\Local\Programs\MiKTeX\tex/generic/pgf\pgf.revision.tex)
Package: pgfrcs 2021/05/15 v3.1.9a (3.1.9a)
))
Package: pgf 2021/05/15 v3.1.9a (3.1.9a)

(C:\Users\ohian\AppData\Local\Programs\MiKTeX\tex/latex/pgf/basiclayer\pgfcore.
sty
(C:\Users\ohian\AppData\Local\Programs\MiKTeX\tex/latex/pgf/systemlayer\pgfsys.
sty
(C:\Users\ohian\AppData\Local\Programs\MiKTeX\tex/generic/pgf/systemlayer\pgfsy
s.code.tex
Package: pgfsys 2021/05/15 v3.1.9a (3.1.9a)

(C:\Users\ohian\AppData\Local\Programs\MiKTeX\tex/generic/pgf/utilities\pgfkeys
.code.tex
\pgfkeys@pathtoks=\toks42
\pgfkeys@temptoks=\toks43

(C:\Users\ohian\AppData\Local\Programs\MiKTeX\tex/generic/pgf/utilities\pgfkeys
filtered.code.tex
\pgfkeys@tmptoks=\toks44
))
\pgf@x=\dimen196
\pgf@y=\dimen197
\pgf@xa=\dimen198
\pgf@ya=\dimen199
\pgf@xb=\dimen256
\pgf@yb=\dimen257
\pgf@xc=\dimen258
\pgf@yc=\dimen259
\pgf@xd=\dimen260
\pgf@yd=\dimen261
\w@pgf@writea=\write4
\r@pgf@reada=\read4
\c@pgf@counta=\count461
\c@pgf@countb=\count462
\c@pgf@countc=\count463
\c@pgf@countd=\count464
\t@pgf@toka=\toks45
\t@pgf@tokb=\toks46
\t@pgf@tokc=\toks47
\pgf@sys@id@count=\count465

(C:\Users\ohian\AppData\Local\Programs\MiKTeX\tex/generic/pgf/systemlayer\pgf.c
fg
File: pgf.cfg 2021/05/15 v3.1.9a (3.1.9a)
)
Driver file for pgf: pgfsys-pdftex.def

(C:\Users\ohian\AppData\Local\Programs\MiKTeX\tex/generic/pgf/systemlayer\pgfsy
s-pdftex.def
File: pgfsys-pdftex.def 2021/05/15 v3.1.9a (3.1.9a)

(C:\Users\ohian\AppData\Local\Programs\MiKTeX\tex/generic/pgf/systemlayer\pgfsy
s-common-pdf.def
File: pgfsys-common-pdf.def 2021/05/15 v3.1.9a (3.1.9a)
)))
(C:\Users\ohian\AppData\Local\Programs\MiKTeX\tex/generic/pgf/systemlayer\pgfsy
ssoftpath.code.tex
File: pgfsyssoftpath.code.tex 2021/05/15 v3.1.9a (3.1.9a)
\pgfsyssoftpath@smallbuffer@items=\count466
\pgfsyssoftpath@bigbuffer@items=\count467
)
(C:\Users\ohian\AppData\Local\Programs\MiKTeX\tex/generic/pgf/systemlayer\pgfsy
sprotocol.code.tex
File: pgfsysprotocol.code.tex 2021/05/15 v3.1.9a (3.1.9a)
))
(C:\Users\ohian\AppData\Local\Programs\MiKTeX\tex/generic/pgf/basiclayer\pgfcor
e.code.tex
Package: pgfcore 2021/05/15 v3.1.9a (3.1.9a)

(C:\Users\ohian\AppData\Local\Programs\MiKTeX\tex/generic/pgf/math\pgfmath.code
.tex
(C:\Users\ohian\AppData\Local\Programs\MiKTeX\tex/generic/pgf/math\pgfmathcalc.
code.tex
(C:\Users\ohian\AppData\Local\Programs\MiKTeX\tex/generic/pgf/math\pgfmathutil.
code.tex)
(C:\Users\ohian\AppData\Local\Programs\MiKTeX\tex/generic/pgf/math\pgfmathparse
r.code.tex
\pgfmath@dimen=\dimen262
\pgfmath@count=\count468
\pgfmath@box=\box67
\pgfmath@toks=\toks48
\pgfmath@stack@operand=\toks49
\pgfmath@stack@operation=\toks50
)
(C:\Users\ohian\AppData\Local\Programs\MiKTeX\tex/generic/pgf/math\pgfmathfunct
ions.code.tex
(C:\Users\ohian\AppData\Local\Programs\MiKTeX\tex/generic/pgf/math\pgfmathfunct
ions.basic.code.tex)
(C:\Users\ohian\AppData\Local\Programs\MiKTeX\tex/generic/pgf/math\pgfmathfunct
ions.trigonometric.code.tex)
(C:\Users\ohian\AppData\Local\Programs\MiKTeX\tex/generic/pgf/math\pgfmathfunct
ions.random.code.tex)
(C:\Users\ohian\AppData\Local\Programs\MiKTeX\tex/generic/pgf/math\pgfmathfunct
ions.comparison.code.tex)
(C:\Users\ohian\AppData\Local\Programs\MiKTeX\tex/generic/pgf/math\pgfmathfunct
ions.base.code.tex)
(C:\Users\ohian\AppData\Local\Programs\MiKTeX\tex/generic/pgf/math\pgfmathfunct
ions.round.code.tex)
(C:\Users\ohian\AppData\Local\Programs\MiKTeX\tex/generic/pgf/math\pgfmathfunct
ions.misc.code.tex)
(C:\Users\ohian\AppData\Local\Programs\MiKTeX\tex/generic/pgf/math\pgfmathfunct
ions.integerarithmetics.code.tex)))
(C:\Users\ohian\AppData\Local\Programs\MiKTeX\tex/generic/pgf/math\pgfmathfloat
.code.tex
\c@pgfmathroundto@lastzeros=\count469
))
(C:\Users\ohian\AppData\Local\Programs\MiKTeX\tex/generic/pgf/math\pgfint.code.
tex)
(C:\Users\ohian\AppData\Local\Programs\MiKTeX\tex/generic/pgf/basiclayer\pgfcor
epoints.code.tex
File: pgfcorepoints.code.tex 2021/05/15 v3.1.9a (3.1.9a)
\pgf@picminx=\dimen263
\pgf@picmaxx=\dimen264
\pgf@picminy=\dimen265
\pgf@picmaxy=\dimen266
\pgf@pathminx=\dimen267
\pgf@pathmaxx=\dimen268
\pgf@pathminy=\dimen269
\pgf@pathmaxy=\dimen270
\pgf@xx=\dimen271
\pgf@xy=\dimen272
\pgf@yx=\dimen273
\pgf@yy=\dimen274
\pgf@zx=\dimen275
\pgf@zy=\dimen276
)
(C:\Users\ohian\AppData\Local\Programs\MiKTeX\tex/generic/pgf/basiclayer\pgfcor
epathconstruct.code.tex
File: pgfcorepathconstruct.code.tex 2021/05/15 v3.1.9a (3.1.9a)
\pgf@path@lastx=\dimen277
\pgf@path@lasty=\dimen278
)
(C:\Users\ohian\AppData\Local\Programs\MiKTeX\tex/generic/pgf/basiclayer\pgfcor
epathusage.code.tex
File: pgfcorepathusage.code.tex 2021/05/15 v3.1.9a (3.1.9a)
\pgf@shorten@end@additional=\dimen279
\pgf@shorten@start@additional=\dimen280
)
(C:\Users\ohian\AppData\Local\Programs\MiKTeX\tex/generic/pgf/basiclayer\pgfcor
escopes.code.tex
File: pgfcorescopes.code.tex 2021/05/15 v3.1.9a (3.1.9a)
\pgfpic=\box68
\pgf@hbox=\box69
\pgf@layerbox@main=\box70
\pgf@picture@serial@count=\count470
)
(C:\Users\ohian\AppData\Local\Programs\MiKTeX\tex/generic/pgf/basiclayer\pgfcor
egraphicstate.code.tex
File: pgfcoregraphicstate.code.tex 2021/05/15 v3.1.9a (3.1.9a)
\pgflinewidth=\dimen281
)
(C:\Users\ohian\AppData\Local\Programs\MiKTeX\tex/generic/pgf/basiclayer\pgfcor
etransformations.code.tex
File: pgfcoretransformations.code.tex 2021/05/15 v3.1.9a (3.1.9a)
\pgf@pt@x=\dimen282
\pgf@pt@y=\dimen283
\pgf@pt@temp=\dimen284
)
(C:\Users\ohian\AppData\Local\Programs\MiKTeX\tex/generic/pgf/basiclayer\pgfcor
equick.code.tex
File: pgfcorequick.code.tex 2021/05/15 v3.1.9a (3.1.9a)
)
(C:\Users\ohian\AppData\Local\Programs\MiKTeX\tex/generic/pgf/basiclayer\pgfcor
eobjects.code.tex
File: pgfcoreobjects.code.tex 2021/05/15 v3.1.9a (3.1.9a)
)
(C:\Users\ohian\AppData\Local\Programs\MiKTeX\tex/generic/pgf/basiclayer\pgfcor
epathprocessing.code.tex
File: pgfcorepathprocessing.code.tex 2021/05/15 v3.1.9a (3.1.9a)
)
(C:\Users\ohian\AppData\Local\Programs\MiKTeX\tex/generic/pgf/basiclayer\pgfcor
earrows.code.tex
File: pgfcorearrows.code.tex 2021/05/15 v3.1.9a (3.1.9a)
\pgfarrowsep=\dimen285
)
(C:\Users\ohian\AppData\Local\Programs\MiKTeX\tex/generic/pgf/basiclayer\pgfcor
eshade.code.tex
File: pgfcoreshade.code.tex 2021/05/15 v3.1.9a (3.1.9a)
\pgf@max=\dimen286
\pgf@sys@shading@range@num=\count471
\pgf@shadingcount=\count472
)
(C:\Users\ohian\AppData\Local\Programs\MiKTeX\tex/generic/pgf/basiclayer\pgfcor
eimage.code.tex
File: pgfcoreimage.code.tex 2021/05/15 v3.1.9a (3.1.9a)

(C:\Users\ohian\AppData\Local\Programs\MiKTeX\tex/generic/pgf/basiclayer\pgfcor
eexternal.code.tex
File: pgfcoreexternal.code.tex 2021/05/15 v3.1.9a (3.1.9a)
\pgfexternal@startupbox=\box71
))
(C:\Users\ohian\AppData\Local\Programs\MiKTeX\tex/generic/pgf/basiclayer\pgfcor
elayers.code.tex
File: pgfcorelayers.code.tex 2021/05/15 v3.1.9a (3.1.9a)
)
(C:\Users\ohian\AppData\Local\Programs\MiKTeX\tex/generic/pgf/basiclayer\pgfcor
etransparency.code.tex
File: pgfcoretransparency.code.tex 2021/05/15 v3.1.9a (3.1.9a)
)
(C:\Users\ohian\AppData\Local\Programs\MiKTeX\tex/generic/pgf/basiclayer\pgfcor
epatterns.code.tex
File: pgfcorepatterns.code.tex 2021/05/15 v3.1.9a (3.1.9a)
)
(C:\Users\ohian\AppData\Local\Programs\MiKTeX\tex/generic/pgf/basiclayer\pgfcor
erdf.code.tex
File: pgfcorerdf.code.tex 2021/05/15 v3.1.9a (3.1.9a)
)))
(C:\Users\ohian\AppData\Local\Programs\MiKTeX\tex/generic/pgf/modules\pgfmodule
shapes.code.tex
File: pgfmoduleshapes.code.tex 2021/05/15 v3.1.9a (3.1.9a)
\pgfnodeparttextbox=\box72
)
(C:\Users\ohian\AppData\Local\Programs\MiKTeX\tex/generic/pgf/modules\pgfmodule
plot.code.tex
File: pgfmoduleplot.code.tex 2021/05/15 v3.1.9a (3.1.9a)
)
(C:\Users\ohian\AppData\Local\Programs\MiKTeX\tex/latex/pgf/compatibility\pgfco
mp-version-0-65.sty
Package: pgfcomp-version-0-65 2021/05/15 v3.1.9a (3.1.9a)
\pgf@nodesepstart=\dimen287
\pgf@nodesepend=\dimen288
)
(C:\Users\ohian\AppData\Local\Programs\MiKTeX\tex/latex/pgf/compatibility\pgfco
mp-version-1-18.sty
Package: pgfcomp-version-1-18 2021/05/15 v3.1.9a (3.1.9a)
))
(C:\Users\ohian\AppData\Local\Programs\MiKTeX\tex/latex/pgf/utilities\pgffor.st
y
(C:\Users\ohian\AppData\Local\Programs\MiKTeX\tex/latex/pgf/utilities\pgfkeys.s
ty
(C:\Users\ohian\AppData\Local\Programs\MiKTeX\tex/generic/pgf/utilities\pgfkeys
.code.tex))
(C:\Users\ohian\AppData\Local\Programs\MiKTeX\tex/latex/pgf/math\pgfmath.sty
(C:\Users\ohian\AppData\Local\Programs\MiKTeX\tex/generic/pgf/math\pgfmath.code
.tex))
(C:\Users\ohian\AppData\Local\Programs\MiKTeX\tex/generic/pgf/utilities\pgffor.
code.tex
Package: pgffor 2021/05/15 v3.1.9a (3.1.9a)

(C:\Users\ohian\AppData\Local\Programs\MiKTeX\tex/generic/pgf/math\pgfmath.code
.tex)
\pgffor@iter=\dimen289
\pgffor@skip=\dimen290
\pgffor@stack=\toks51
\pgffor@toks=\toks52
))
(C:\Users\ohian\AppData\Local\Programs\MiKTeX\tex/generic/pgf/frontendlayer/tik
z\tikz.code.tex
Package: tikz 2021/05/15 v3.1.9a (3.1.9a)

(C:\Users\ohian\AppData\Local\Programs\MiKTeX\tex/generic/pgf/libraries\pgflibr
aryplothandlers.code.tex
File: pgflibraryplothandlers.code.tex 2021/05/15 v3.1.9a (3.1.9a)
\pgf@plot@mark@count=\count473
\pgfplotmarksize=\dimen291
)
\tikz@lastx=\dimen292
\tikz@lasty=\dimen293
\tikz@lastxsaved=\dimen294
\tikz@lastysaved=\dimen295
\tikz@lastmovetox=\dimen296
\tikz@lastmovetoy=\dimen297
\tikzleveldistance=\dimen298
\tikzsiblingdistance=\dimen299
\tikz@figbox=\box73
\tikz@figbox@bg=\box74
\tikz@tempbox=\box75
\tikz@tempbox@bg=\box76
\tikztreelevel=\count474
\tikznumberofchildren=\count475
\tikznumberofcurrentchild=\count476
\tikz@fig@count=\count477

(C:\Users\ohian\AppData\Local\Programs\MiKTeX\tex/generic/pgf/modules\pgfmodule
matrix.code.tex
File: pgfmodulematrix.code.tex 2021/05/15 v3.1.9a (3.1.9a)
\pgfmatrixcurrentrow=\count478
\pgfmatrixcurrentcolumn=\count479
\pgf@matrix@numberofcolumns=\count480
)
\tikz@expandcount=\count481

(C:\Users\ohian\AppData\Local\Programs\MiKTeX\tex/generic/pgf/frontendlayer/tik
z/libraries\tikzlibrarytopaths.code.tex
File: tikzlibrarytopaths.code.tex 2021/05/15 v3.1.9a (3.1.9a)
)))
(C:\Users\ohian\AppData\Local\Programs\MiKTeX\tex/generic/pgf/frontendlayer/tik
z/libraries\tikzlibrarypositioning.code.tex
File: tikzlibrarypositioning.code.tex 2021/05/15 v3.1.9a (3.1.9a)
)
(C:\Users\ohian\AppData\Local\Programs\MiKTeX\tex/generic/pgf/frontendlayer/tik
z/libraries\tikzlibraryshapes.code.tex
File: tikzlibraryshapes.code.tex 2021/05/15 v3.1.9a (3.1.9a)

(C:\Users\ohian\AppData\Local\Programs\MiKTeX\tex/generic/pgf/frontendlayer/tik
z/libraries\tikzlibraryshapes.geometric.code.tex
File: tikzlibraryshapes.geometric.code.tex 2021/05/15 v3.1.9a (3.1.9a)

(C:\Users\ohian\AppData\Local\Programs\MiKTeX\tex/generic/pgf/libraries/shapes\
pgflibraryshapes.geometric.code.tex
File: pgflibraryshapes.geometric.code.tex 2021/05/15 v3.1.9a (3.1.9a)
))
(C:\Users\ohian\AppData\Local\Programs\MiKTeX\tex/generic/pgf/frontendlayer/tik
z/libraries\tikzlibraryshapes.misc.code.tex
File: tikzlibraryshapes.misc.code.tex 2021/05/15 v3.1.9a (3.1.9a)

(C:\Users\ohian\AppData\Local\Programs\MiKTeX\tex/generic/pgf/libraries/shapes\
pgflibraryshapes.misc.code.tex
File: pgflibraryshapes.misc.code.tex 2021/05/15 v3.1.9a (3.1.9a)
))
(C:\Users\ohian\AppData\Local\Programs\MiKTeX\tex/generic/pgf/frontendlayer/tik
z/libraries\tikzlibraryshapes.symbols.code.tex
File: tikzlibraryshapes.symbols.code.tex 2021/05/15 v3.1.9a (3.1.9a)

(C:\Users\ohian\AppData\Local\Programs\MiKTeX\tex/generic/pgf/libraries/shapes\
pgflibraryshapes.symbols.code.tex
File: pgflibraryshapes.symbols.code.tex 2021/05/15 v3.1.9a (3.1.9a)
))
(C:\Users\ohian\AppData\Local\Programs\MiKTeX\tex/generic/pgf/frontendlayer/tik
z/libraries\tikzlibraryshapes.arrows.code.tex
File: tikzlibraryshapes.arrows.code.tex 2021/05/15 v3.1.9a (3.1.9a)

(C:\Users\ohian\AppData\Local\Programs\MiKTeX\tex/generic/pgf/libraries/shapes\
pgflibraryshapes.arrows.code.tex
File: pgflibraryshapes.arrows.code.tex 2021/05/15 v3.1.9a (3.1.9a)
))
(C:\Users\ohian\AppData\Local\Programs\MiKTeX\tex/generic/pgf/frontendlayer/tik
z/libraries\tikzlibraryshapes.callouts.code.tex
(C:\Users\ohian\AppData\Local\Programs\MiKTeX\tex/generic/pgf/libraries/shapes\
pgflibraryshapes.callouts.code.tex))
(C:\Users\ohian\AppData\Local\Programs\MiKTeX\tex/generic/pgf/frontendlayer/tik
z/libraries\tikzlibraryshapes.multipart.code.tex
File: tikzlibraryshapes.multipart.code.tex 2021/05/15 v3.1.9a (3.1.9a)

(C:\Users\ohian\AppData\Local\Programs\MiKTeX\tex/generic/pgf/libraries/shapes\
pgflibraryshapes.multipart.code.tex
File: pgflibraryshapes.multipart.code.tex 2021/05/15 v3.1.9a (3.1.9a)
\pgfnodepartlowerbox=\box77
\pgfnodeparttwobox=\box78
\pgfnodepartthreebox=\box79
\pgfnodepartfourbox=\box80
\pgfnodeparttwentybox=\box81
\pgfnodepartnineteenbox=\box82
\pgfnodeparteighteenbox=\box83
\pgfnodepartseventeenbox=\box84
\pgfnodepartsixteenbox=\box85
\pgfnodepartfifteenbox=\box86
\pgfnodepartfourteenbox=\box87
\pgfnodepartthirteenbox=\box88
\pgfnodeparttwelvebox=\box89
\pgfnodepartelevenbox=\box90
\pgfnodeparttenbox=\box91
\pgfnodepartninebox=\box92
\pgfnodeparteightbox=\box93
\pgfnodepartsevenbox=\box94
\pgfnodepartsixbox=\box95
\pgfnodepartfivebox=\box96
)))
(C:\Users\ohian\AppData\Local\Programs\MiKTeX\tex/generic/pgf/libraries\pgflibr
aryarrows.meta.code.tex
File: pgflibraryarrows.meta.code.tex 2021/05/15 v3.1.9a (3.1.9a)
\pgfarrowinset=\dimen300
\pgfarrowlength=\dimen301
\pgfarrowwidth=\dimen302
\pgfarrowlinewidth=\dimen303
)
(C:\Users\ohian\AppData\Local\Programs\MiKTeX\tex/generic/pgf/frontendlayer/tik
z/libraries\tikzlibrarycalc.code.tex
File: tikzlibrarycalc.code.tex 2021/05/15 v3.1.9a (3.1.9a)
)
(C:\Users\ohian\AppData\Local\Programs\MiKTeX\tex/generic/pgf/frontendlayer/tik
z/libraries\tikzlibrarybackgrounds.code.tex
File: tikzlibrarybackgrounds.code.tex 2021/05/15 v3.1.9a (3.1.9a)
\pgf@layerbox@background=\box97
\pgf@layerboxsaved@background=\box98
)
(C:\Users\ohian\AppData\Local\Programs\MiKTeX\tex/generic/pgf/frontendlayer/tik
z/libraries\tikzlibraryfit.code.tex
File: tikzlibraryfit.code.tex 2021/05/15 v3.1.9a (3.1.9a)
)
Package hyperref Info: Option `colorlinks' set `true' on input line 83.
Package hyperref Info: Option `bookmarksnumbered' set `true' on input line 83.
\c@theorem=\count482
Package csquotes Info: Checking for multilingual support...
Package csquotes Info: ... found 'babel' package.
Package csquotes Info: Adjusting default style.
Package csquotes Info: Redefining alias 'default' -> 'british'.
 (main.aux
(Chapters/Network Model/Complex_Processes_Chapter.aux)
(Chapters/Input Module/Input Module Chapter.aux)
(Chapters/Diamond Module/Diamond_Decomposition_Chapter.aux)
(Chapters/Flow Toolkit/Flow Capacity Chapter.aux)
(Chapters/CPM module/Critical_Path_Chapter.aux))
\openout1 = `main.aux'.

LaTeX Font Info:    Checking defaults for OML/cmm/m/it on input line 132.
LaTeX Font Info:    ... okay on input line 132.
LaTeX Font Info:    Checking defaults for OMS/cmsy/m/n on input line 132.
LaTeX Font Info:    ... okay on input line 132.
LaTeX Font Info:    Checking defaults for OT1/cmr/m/n on input line 132.
LaTeX Font Info:    ... okay on input line 132.
LaTeX Font Info:    Checking defaults for T1/cmr/m/n on input line 132.
LaTeX Font Info:    ... okay on input line 132.
LaTeX Font Info:    Checking defaults for TS1/cmr/m/n on input line 132.
LaTeX Font Info:    ... okay on input line 132.
LaTeX Font Info:    Checking defaults for OMX/cmex/m/n on input line 132.
LaTeX Font Info:    ... okay on input line 132.
LaTeX Font Info:    Checking defaults for U/cmr/m/n on input line 132.
LaTeX Font Info:    ... okay on input line 132.
LaTeX Font Info:    Checking defaults for PD1/pdf/m/n on input line 132.
LaTeX Font Info:    ... okay on input line 132.
LaTeX Font Info:    Checking defaults for PU/pdf/m/n on input line 132.
LaTeX Font Info:    ... okay on input line 132.

(C:\Users\ohian\AppData\Local\Programs\MiKTeX\tex/context/base/mkii\supp-pdf.mk
ii
[Loading MPS to PDF converter (version 2006.09.02).]
\scratchcounter=\count483
\scratchdimen=\dimen304
\scratchbox=\box99
\nofMPsegments=\count484
\nofMParguments=\count485
\everyMPshowfont=\toks53
\MPscratchCnt=\count486
\MPscratchDim=\dimen305
\MPnumerator=\count487
\makeMPintoPDFobject=\count488
\everyMPtoPDFconversion=\toks54
)
(C:\Users\ohian\AppData\Local\Programs\MiKTeX\tex/latex/epstopdf-pkg\epstopdf-b
ase.sty
Package: epstopdf-base 2020-01-24 v2.11 Base part for package epstopdf
Package epstopdf-base Info: Redefining graphics rule for `.eps' on input line 4
85.

(C:\Users\ohian\AppData\Local\Programs\MiKTeX\tex/latex/00miktex\epstopdf-sys.c
fg
File: epstopdf-sys.cfg 2021/03/18 v2.0 Configuration of epstopdf for MiKTeX
))
Package biblatex Info: Trying to load language 'british'...
Package biblatex Info: ... file 'british.lbx' found.

(C:\Users\ohian\AppData\Local\Programs\MiKTeX\tex/latex/biblatex/lbx\british.lb
x
File: british.lbx 2022/02/02 v3.17 biblatex localization (PK/MW)
Package biblatex Info: Trying to load language 'english'...
Package biblatex Info: ... file 'english.lbx' found.

(C:\Users\ohian\AppData\Local\Programs\MiKTeX\tex/latex/biblatex/lbx\english.lb
x
File: english.lbx 2022/02/02 v3.17 biblatex localization (PK/MW)
))
Package biblatex Info: Input encoding 'utf8' detected.
Package biblatex Info: Automatic encoding selection.
(biblatex)             Assuming data encoding 'utf8'.
\openout3 = `main.bcf'.

Package biblatex Info: Trying to load bibliographic data...
Package biblatex Info: ... file 'main.bbl' found.
 (main.bbl)
Package biblatex Info: Reference section=0 on input line 132.
Package biblatex Info: Reference segment=0 on input line 132.
Package hyperref Info: Link coloring ON on input line 132.

(C:\Users\ohian\AppData\Local\Programs\MiKTeX\tex/latex/hyperref\nameref.sty
Package: nameref 2021-04-02 v2.47 Cross-referencing by name of section

(C:\Users\ohian\AppData\Local\Programs\MiKTeX\tex/latex/refcount\refcount.sty
Package: refcount 2019/12/15 v3.6 Data extraction from label references (HO)
)
(C:\Users\ohian\AppData\Local\Programs\MiKTeX\tex/generic/gettitlestring\gettit
lestring.sty
Package: gettitlestring 2019/12/15 v1.6 Cleanup title references (HO)
)
\c@section@level=\count489
)
LaTeX Info: Redefining \ref on input line 132.
LaTeX Info: Redefining \pageref on input line 132.
LaTeX Info: Redefining \nameref on input line 132.
 (main.out) (main.out)
\@outlinefile=\write5
\openout5 = `main.out'.


*geometry* driver: auto-detecting
*geometry* detected driver: pdftex
*geometry* verbose mode - [ preamble ] result:
* driver: pdftex
* paper: a4paper
* layout: <same size as paper>
* layoutoffset:(h,v)=(0.0pt,0.0pt)
* modes: twoside 
* h-part:(L,W,R)=(113.81102pt, 412.56497pt, 71.13188pt)
* v-part:(T,H,B)=(71.13188pt, 702.78308pt, 71.13188pt)
* \paperwidth=597.50787pt
* \paperheight=845.04684pt
* \textwidth=412.56497pt
* \textheight=702.78308pt
* \oddsidemargin=41.54103pt
* \evensidemargin=-1.1381pt
* \topmargin=-38.1381pt
* \headheight=12.0pt
* \headsep=25.0pt
* \topskip=12.0pt
* \footskip=30.0pt
* \marginparwidth=85.0pt
* \marginparsep=10.0pt
* \columnsep=10.0pt
* \skip\footins=10.8pt plus 4.0pt minus 2.0pt
* \hoffset=0.0pt
* \voffset=0.0pt
* \mag=1000
* \@twocolumnfalse
* \@twosidetrue
* \@mparswitchtrue
* \@reversemarginfalse
* (1in=72.27pt=25.4mm, 1cm=28.453pt)

Package caption Info: Begin \AtBeginDocument code.
Package caption Info: float package is loaded.
Package caption Info: listings package is loaded.
Package caption Info: longtable package is loaded.
(C:\Users\ohian\AppData\Local\Programs\MiKTeX\tex/latex/caption\ltcaption.sty
Package: ltcaption 2021/01/08 v1.4c longtable captions (AR)
)
Package caption Info: threeparttable package is loaded.
Package caption Info: End \AtBeginDocument code.
\c@lstlisting=\count490

[1

{C:/Users/ohian/AppData/Local/MiKTeX/fonts/map/pdftex/pdftex.map}] [2

]
[3

]

Package fancyhdr Warning: \headheight is too small (12.0pt): 
(fancyhdr)                Make it at least 14.49998pt, for example:
(fancyhdr)                \setlength{\headheight}{14.49998pt}.
(fancyhdr)                You might also make \topmargin smaller:
(fancyhdr)                \addtolength{\topmargin}{-2.49998pt}.

[4] [5

] (main.toc
LaTeX Font Info:    Trying to load font information for U+msa on input line 9.

(C:\Users\ohian\AppData\Local\Programs\MiKTeX\tex/latex/amsfonts\umsa.fd
File: umsa.fd 2013/01/14 v3.01 AMS symbols A
)
LaTeX Font Info:    Trying to load font information for U+msb on input line 9.

(C:\Users\ohian\AppData\Local\Programs\MiKTeX\tex/latex/amsfonts\umsb.fd
File: umsb.fd 2013/01/14 v3.01 AMS symbols B
)
[6

]
LaTeX Font Info:    Trying to load font information for T1+cmtt on input line 3
9.
 (C:\Users\ohian\AppData\Local\Programs\MiKTeX\tex/latex/base\t1cmtt.fd
File: t1cmtt.fd 2019/12/16 v2.5j Standard LaTeX font definitions
)

Package fancyhdr Warning: \headheight is too small (12.0pt): 
(fancyhdr)                Make it at least 14.49998pt, for example:
(fancyhdr)                \setlength{\headheight}{14.49998pt}.
(fancyhdr)                You might also make \topmargin smaller:
(fancyhdr)                \addtolength{\topmargin}{-2.49998pt}.

[7])
\tf@toc=\write6
\openout6 = `main.toc'.



Package fancyhdr Warning: \headheight is too small (12.0pt): 
(fancyhdr)                Make it at least 14.49998pt, for example:
(fancyhdr)                \setlength{\headheight}{14.49998pt}.
(fancyhdr)                You might also make \topmargin smaller:
(fancyhdr)                \addtolength{\topmargin}{-2.49998pt}.

[8] (main.lof [9

])
\tf@lof=\write7
\openout7 = `main.lof'.



Package fancyhdr Warning: \headheight is too small (12.0pt): 
(fancyhdr)                Make it at least 14.49998pt, for example:
(fancyhdr)                \setlength{\headheight}{14.49998pt}.
(fancyhdr)                You might also make \topmargin smaller:
(fancyhdr)                \addtolength{\topmargin}{-2.49998pt}.

[10] (main.lot)
\tf@lot=\write8
\openout8 = `main.lot'.

 [11

]

Package fancyhdr Warning: \headheight is too small (12.0pt): 
(fancyhdr)                Make it at least 14.49998pt, for example:
(fancyhdr)                \setlength{\headheight}{14.49998pt}.
(fancyhdr)                You might also make \topmargin smaller:
(fancyhdr)                \addtolength{\topmargin}{-2.49998pt}.

[12] (main.loa)
\tf@loa=\write9
\openout9 = `main.loa'.

 [13

] [14

]
Chapter 1.
[15

]
Chapter 2.
[16

]
Chapter 3.
[17

]
\openout2 = `"Chapters/Network Model/Complex_Processes_Chapter.aux"'.

 (Chapters/Network Model/Complex_Processes_Chapter.tex

Package fancyhdr Warning: \headheight is too small (12.0pt): 
(fancyhdr)                Make it at least 14.49998pt, for example:
(fancyhdr)                \setlength{\headheight}{14.49998pt}.
(fancyhdr)                You might also make \topmargin smaller:
(fancyhdr)                \addtolength{\topmargin}{-2.49998pt}.

[18

]

pdfTeX warning: pdflatex.exe (file ./Chapters/Network Model/figures//fig01_mapp
ing/fig01_mapping.pdf): PDF inclusion: found PDF version <1.7>, but at most ver
sion <1.5> allowed
<Chapters/Network Model/figures//fig01_mapping/fig01_mapping.pdf, id=664, 516.9
3124pt x 502.87875pt>
File: Chapters/Network Model/figures//fig01_mapping/fig01_mapping.pdf Graphic f
ile (type pdf)
<use Chapters/Network Model/figures//fig01_mapping/fig01_mapping.pdf>
Package pdftex.def Info: Chapters/Network Model/figures//fig01_mapping/fig01_ma
pping.pdf  used on input line 90.
(pdftex.def)             Requested size: 321.80017pt x 313.06303pt.

Package fancyhdr Warning: \headheight is too small (12.0pt): 
(fancyhdr)                Make it at least 14.49998pt, for example:
(fancyhdr)                \setlength{\headheight}{14.49998pt}.
(fancyhdr)                You might also make \topmargin smaller:
(fancyhdr)                \addtolength{\topmargin}{-2.49998pt}.

[19 <./Chapters/Network Model/figures//fig01_mapping/fig01_mapping.pdf>]

pdfTeX warning: pdflatex.exe (file ./Chapters/Network Model/figures//fig02_role
s/fig02_roles.pdf): PDF inclusion: found PDF version <1.7>, but at most version
 <1.5> allowed
<Chapters/Network Model/figures//fig02_roles/fig02_roles.pdf, id=681, 308.15125
pt x 506.89375pt>
File: Chapters/Network Model/figures//fig02_roles/fig02_roles.pdf Graphic file 
(type pdf)
<use Chapters/Network Model/figures//fig02_roles/fig02_roles.pdf>
Package pdftex.def Info: Chapters/Network Model/figures//fig02_roles/fig02_role
s.pdf  used on input line 128.
(pdftex.def)             Requested size: 206.28249pt x 339.33087pt.

Package fancyhdr Warning: \headheight is too small (12.0pt): 
(fancyhdr)                Make it at least 14.49998pt, for example:
(fancyhdr)                \setlength{\headheight}{14.49998pt}.
(fancyhdr)                You might also make \topmargin smaller:
(fancyhdr)                \addtolength{\topmargin}{-2.49998pt}.

[20 <./Chapters/Network Model/figures//fig02_roles/fig02_roles.pdf>]

Package fancyhdr Warning: \headheight is too small (12.0pt): 
(fancyhdr)                Make it at least 14.49998pt, for example:
(fancyhdr)                \setlength{\headheight}{14.49998pt}.
(fancyhdr)                You might also make \topmargin smaller:
(fancyhdr)                \addtolength{\topmargin}{-2.49998pt}.

[21])

Package fancyhdr Warning: \headheight is too small (12.0pt): 
(fancyhdr)                Make it at least 14.49998pt, for example:
(fancyhdr)                \setlength{\headheight}{14.49998pt}.
(fancyhdr)                You might also make \topmargin smaller:
(fancyhdr)                \addtolength{\topmargin}{-2.49998pt}.

[22]
Chapter 4.
[23



]
\openout2 = `"Chapters/Input Module/Input Module Chapter.aux"'.

 (Chapters/Input Module/Input Module Chapter.tex

Package fancyhdr Warning: \headheight is too small (12.0pt): 
(fancyhdr)                Make it at least 14.49998pt, for example:
(fancyhdr)                \setlength{\headheight}{14.49998pt}.
(fancyhdr)                You might also make \topmargin smaller:
(fancyhdr)                \addtolength{\topmargin}{-2.49998pt}.

[24

]

Package fancyhdr Warning: \headheight is too small (12.0pt): 
(fancyhdr)                Make it at least 14.49998pt, for example:
(fancyhdr)                \setlength{\headheight}{14.49998pt}.
(fancyhdr)                You might also make \topmargin smaller:
(fancyhdr)                \addtolength{\topmargin}{-2.49998pt}.

[25]

Package fancyhdr Warning: \headheight is too small (12.0pt): 
(fancyhdr)                Make it at least 14.49998pt, for example:
(fancyhdr)                \setlength{\headheight}{14.49998pt}.
(fancyhdr)                You might also make \topmargin smaller:
(fancyhdr)                \addtolength{\topmargin}{-2.49998pt}.

[26]
Underfull \hbox (badness 10000) in paragraph at lines 95--95
[]|\T1/cmr/bx/n/10.95 Value Do-
 []


Underfull \hbox (badness 2951) in paragraph at lines 97--98
[]|\T1/cmr/m/n/10.95 Network to-po-
 []


Underfull \hbox (badness 10000) in paragraph at lines 99--100
[]|\T1/cmr/m/n/10.95 Integer node
 []


Underfull \hbox (badness 3407) in paragraph at lines 99--100
\T1/cmr/m/n/10.95 IDs; dir-ec-ted
 []


Underfull \hbox (badness 10000) in paragraph at lines 100--101
[]|\T1/cmr/m/n/10.95 Format auto-detected;
 []


Underfull \hbox (badness 10000) in paragraph at lines 102--103
[]|\T1/cmr/m/n/10.95 Probability
 []


Underfull \hbox (badness 4832) in paragraph at lines 105--106
\T1/cmr/m/n/10.95 edge maps; \T1/cmtt/m/n/10.95 data_type
 []


Underfull \hbox (badness 1087) in paragraph at lines 108--109
\T1/cmr/m/n/10.95 quired), node ca-pa-city
 []


Underfull \hbox (badness 10000) in paragraph at lines 110--111
[]|\T1/cmr/m/n/10.95 Non-negative, non-NaN
 []


Underfull \hbox (badness 4378) in paragraph at lines 110--111
\T1/cmr/m/n/10.95 en-forced at parse; Inf
 []


Underfull \hbox (badness 10000) in paragraph at lines 110--111
\T1/cmr/m/n/10.95 tokens ac-cep-ted (Inf,
 []


Underfull \hbox (badness 4582) in paragraph at lines 113--114
[]|\T1/cmr/m/n/10.95 Node-value and edge-
 []


Underfull \hbox (badness 2042) in paragraph at lines 115--116
[]|\T1/cmr/m/n/10.95 Unit-agnostic; se-mantics
 []


Underfull \hbox (badness 10000) in paragraph at lines 115--116
\T1/cmr/m/n/10.95 (com-bin-a-tion, propaga-
 []


Underfull \hbox (badness 10000) in paragraph at lines 115--116
\T1/cmr/m/n/10.95 tion, node); clas-sical
 []


Overfull \hbox (21.11737pt too wide) in paragraph at lines 93--118
 [][] 
 []


Underfull \vbox (badness 10000) has occurred while \output is active []



Package fancyhdr Warning: \headheight is too small (12.0pt): 
(fancyhdr)                Make it at least 14.49998pt, for example:
(fancyhdr)                \setlength{\headheight}{14.49998pt}.
(fancyhdr)                You might also make \topmargin smaller:
(fancyhdr)                \addtolength{\topmargin}{-2.49998pt}.

[27]

Package fancyhdr Warning: \headheight is too small (12.0pt): 
(fancyhdr)                Make it at least 14.49998pt, for example:
(fancyhdr)                \setlength{\headheight}{14.49998pt}.
(fancyhdr)                You might also make \topmargin smaller:
(fancyhdr)                \addtolength{\topmargin}{-2.49998pt}.

[28]

Package fancyhdr Warning: \headheight is too small (12.0pt): 
(fancyhdr)                Make it at least 14.49998pt, for example:
(fancyhdr)                \setlength{\headheight}{14.49998pt}.
(fancyhdr)                You might also make \topmargin smaller:
(fancyhdr)                \addtolength{\topmargin}{-2.49998pt}.

[29]
Package hyperref Info: bookmark level for unknown algorithm defaults to 0 on in
put line 155.


Package fancyhdr Warning: \headheight is too small (12.0pt): 
(fancyhdr)                Make it at least 14.49998pt, for example:
(fancyhdr)                \setlength{\headheight}{14.49998pt}.
(fancyhdr)                You might also make \topmargin smaller:
(fancyhdr)                \addtolength{\topmargin}{-2.49998pt}.

[30]
Overfull \hbox (0.10225pt too wide) in paragraph at lines 204--205
[]\T1/cmr/m/n/12 Tuples are stack-allocated and im-mut-able in Ju-lia so the \T
1/cmtt/m/n/12 Tuple{Int64,Int64}
 []


Underfull \hbox (badness 1552) in paragraph at lines 227--228
[]|\T1/cmr/m/n/10.95 Transitive up-ward clos-ure (in-
 []


Underfull \hbox (badness 2790) in paragraph at lines 232--233
[]|\T1/cmr/m/n/10.95 Prior value per node; $\OML/cmm/m/it/10.95 T \OMS/cmsy/m/n
/10.95 2
 []


Underfull \hbox (badness 1117) in paragraph at lines 236--237
[]|\T1/cmr/m/n/10.95 CPM node-level weight; $\OML/cmm/m/it/10.95 T \OMS/cmsy/m/
n/10.95 2
 []


Overfull \hbox (70.38866pt too wide) in paragraph at lines 212--240
 [][] 
 []


Package fancyhdr Warning: \headheight is too small (12.0pt): 
(fancyhdr)                Make it at least 14.49998pt, for example:
(fancyhdr)                \setlength{\headheight}{14.49998pt}.
(fancyhdr)                You might also make \topmargin smaller:
(fancyhdr)                \addtolength{\topmargin}{-2.49998pt}.

[31]

Package fancyhdr Warning: \headheight is too small (12.0pt): 
(fancyhdr)                Make it at least 14.49998pt, for example:
(fancyhdr)                \setlength{\headheight}{14.49998pt}.
(fancyhdr)                You might also make \topmargin smaller:
(fancyhdr)                \addtolength{\topmargin}{-2.49998pt}.

[32]

Package fancyhdr Warning: \headheight is too small (12.0pt): 
(fancyhdr)                Make it at least 14.49998pt, for example:
(fancyhdr)                \setlength{\headheight}{14.49998pt}.
(fancyhdr)                You might also make \topmargin smaller:
(fancyhdr)                \addtolength{\topmargin}{-2.49998pt}.

[33])

Package fancyhdr Warning: \headheight is too small (12.0pt): 
(fancyhdr)                Make it at least 14.49998pt, for example:
(fancyhdr)                \setlength{\headheight}{14.49998pt}.
(fancyhdr)                You might also make \topmargin smaller:
(fancyhdr)                \addtolength{\topmargin}{-2.49998pt}.

[34]
Chapter 5.
[35



]
\openout2 = `"Chapters/Diamond Module/Diamond_Decomposition_Chapter.aux"'.

 (Chapters/Diamond Module/Diamond_Decomposition_Chapter.tex

Package fancyhdr Warning: \headheight is too small (12.0pt): 
(fancyhdr)                Make it at least 27.11469pt, for example:
(fancyhdr)                \setlength{\headheight}{27.11469pt}.
(fancyhdr)                You might also make \topmargin smaller:
(fancyhdr)                \addtolength{\topmargin}{-15.11469pt}.

[36

]

Package fancyhdr Warning: \headheight is too small (12.0pt): 
(fancyhdr)                Make it at least 14.49998pt, for example:
(fancyhdr)                \setlength{\headheight}{14.49998pt}.
(fancyhdr)                You might also make \topmargin smaller:
(fancyhdr)                \addtolength{\topmargin}{-2.49998pt}.

[37]

Package fancyhdr Warning: \headheight is too small (12.0pt): 
(fancyhdr)                Make it at least 27.11469pt, for example:
(fancyhdr)                \setlength{\headheight}{27.11469pt}.
(fancyhdr)                You might also make \topmargin smaller:
(fancyhdr)                \addtolength{\topmargin}{-15.11469pt}.

[38]
Overfull \hbox (9.83827pt too wide) in paragraph at lines 186--187
\T1/cmr/m/n/12 At join $\OML/cmm/m/it/12 v$ \T1/cmr/m/n/12 with ad-miss-ible pa
r-ents $\OML/cmm/m/it/12 P$ \T1/cmr/m/n/12 and con-text $\OML/cmm/m/it/12 E$\T1
/cmr/m/n/12 , the pro-ced-ure \T1/cmtt/m/n/12 components$\OT1/cmr/m/n/12 (\OML/
cmm/m/it/12 P; E\OT1/cmr/m/n/12 )$
 []


Underfull \vbox (badness 2050) has occurred while \output is active []



Package fancyhdr Warning: \headheight is too small (12.0pt): 
(fancyhdr)                Make it at least 14.49998pt, for example:
(fancyhdr)                \setlength{\headheight}{14.49998pt}.
(fancyhdr)                You might also make \topmargin smaller:
(fancyhdr)                \addtolength{\topmargin}{-2.49998pt}.

[39]
Underfull \vbox (badness 10000) has occurred while \output is active []



Package fancyhdr Warning: \headheight is too small (12.0pt): 
(fancyhdr)                Make it at least 27.11469pt, for example:
(fancyhdr)                \setlength{\headheight}{27.11469pt}.
(fancyhdr)                You might also make \topmargin smaller:
(fancyhdr)                \addtolength{\topmargin}{-15.11469pt}.

[40]

pdfTeX warning: pdflatex.exe (file ./Chapters/Diamond Module/figures//fig06_edg
e_isolation/fig06_edge_isolation.pdf): PDF inclusion: found PDF version <1.7>, 
but at most version <1.5> allowed
<Chapters/Diamond Module/figures//fig06_edge_isolation/fig06_edge_isolation.pdf
, id=851, 327.2225pt x 296.10625pt>
File: Chapters/Diamond Module/figures//fig06_edge_isolation/fig06_edge_isolatio
n.pdf Graphic file (type pdf)
<use Chapters/Diamond Module/figures//fig06_edge_isolation/fig06_edge_isolation
.pdf>
Package pdftex.def Info: Chapters/Diamond Module/figures//fig06_edge_isolation/
fig06_edge_isolation.pdf  used on input line 217.
(pdftex.def)             Requested size: 173.27652pt x 156.8pt.

Package fancyhdr Warning: \headheight is too small (12.0pt): 
(fancyhdr)                Make it at least 14.49998pt, for example:
(fancyhdr)                \setlength{\headheight}{14.49998pt}.
(fancyhdr)                You might also make \topmargin smaller:
(fancyhdr)                \addtolength{\topmargin}{-2.49998pt}.

[41]
LaTeX Font Info:    Font shape `T1/cmtt/bx/n' in size <14.4> not available
(Font)              Font shape `T1/cmtt/m/n' tried instead on input line 231.


Package fancyhdr Warning: \headheight is too small (12.0pt): 
(fancyhdr)                Make it at least 27.11469pt, for example:
(fancyhdr)                \setlength{\headheight}{27.11469pt}.
(fancyhdr)                You might also make \topmargin smaller:
(fancyhdr)                \addtolength{\topmargin}{-15.11469pt}.

[42 <./Chapters/Diamond Module/figures//fig06_edge_isolation/fig06_edge_isolati
on.pdf>]

Package fancyhdr Warning: \headheight is too small (12.0pt): 
(fancyhdr)                Make it at least 14.49998pt, for example:
(fancyhdr)                \setlength{\headheight}{14.49998pt}.
(fancyhdr)                You might also make \topmargin smaller:
(fancyhdr)                \addtolength{\topmargin}{-2.49998pt}.

[43]

Package fancyhdr Warning: \headheight is too small (12.0pt): 
(fancyhdr)                Make it at least 27.11469pt, for example:
(fancyhdr)                \setlength{\headheight}{27.11469pt}.
(fancyhdr)                You might also make \topmargin smaller:
(fancyhdr)                \addtolength{\topmargin}{-15.11469pt}.

[44]

Package fancyhdr Warning: \headheight is too small (12.0pt): 
(fancyhdr)                Make it at least 14.49998pt, for example:
(fancyhdr)                \setlength{\headheight}{14.49998pt}.
(fancyhdr)                You might also make \topmargin smaller:
(fancyhdr)                \addtolength{\topmargin}{-2.49998pt}.

[45]
Overfull \hbox (5.23724pt too wide) in paragraph at lines 318--319
\T1/cmr/m/n/12 ence in-ter-sec-tions un-der union--find and builds one span, an
d the \T1/cmtt/m/n/12 unique_diamonds
 []


Underfull \hbox (badness 1331) in paragraph at lines 346--347
[]|\T1/cmr/m/n/10.95 Value map re-stric-ted to the
 []


Underfull \hbox (badness 2229) in paragraph at lines 347--348
[]|\T1/cmr/m/n/10.95 Nested dia-monds in-terior to
 []


Overfull \hbox (11.26366pt too wide) in paragraph at lines 334--350
 [][] 
 []


Package fancyhdr Warning: \headheight is too small (12.0pt): 
(fancyhdr)                Make it at least 27.11469pt, for example:
(fancyhdr)                \setlength{\headheight}{27.11469pt}.
(fancyhdr)                You might also make \topmargin smaller:
(fancyhdr)                \addtolength{\topmargin}{-15.11469pt}.

[46]
Underfull \vbox (badness 10000) has occurred while \output is active []



Package fancyhdr Warning: \headheight is too small (12.0pt): 
(fancyhdr)                Make it at least 14.49998pt, for example:
(fancyhdr)                \setlength{\headheight}{14.49998pt}.
(fancyhdr)                You might also make \topmargin smaller:
(fancyhdr)                \addtolength{\topmargin}{-2.49998pt}.

[47]

pdfTeX warning: pdflatex.exe (file ./Chapters/Diamond Module/figures//fig01_ato
mic_diamond/fig01_atomic_diamond.pdf): PDF inclusion: found PDF version <1.7>, 
but at most version <1.5> allowed
<Chapters/Diamond Module/figures//fig01_atomic_diamond/fig01_atomic_diamond.pdf
, id=937, 220.825pt x 405.515pt>
File: Chapters/Diamond Module/figures//fig01_atomic_diamond/fig01_atomic_diamon
d.pdf Graphic file (type pdf)
<use Chapters/Diamond Module/figures//fig01_atomic_diamond/fig01_atomic_diamond
.pdf>
Package pdftex.def Info: Chapters/Diamond Module/figures//fig01_atomic_diamond/
fig01_atomic_diamond.pdf  used on input line 372.
(pdftex.def)             Requested size: 123.77074pt x 227.29103pt.


pdfTeX warning: pdflatex.exe (file ./Chapters/Diamond Module/figures//fig02_nes
ted_full/fig02_nested_full.pdf): PDF inclusion: found PDF version <1.7>, but at
 most version <1.5> allowed
<Chapters/Diamond Module/figures//fig02_nested_full/fig02_nested_full.pdf, id=9
40, 304.13625pt x 512.91624pt>
File: Chapters/Diamond Module/figures//fig02_nested_full/fig02_nested_full.pdf 
Graphic file (type pdf)
<use Chapters/Diamond Module/figures//fig02_nested_full/fig02_nested_full.pdf>
Package pdftex.def Info: Chapters/Diamond Module/figures//fig02_nested_full/fig
02_nested_full.pdf  used on input line 384.
(pdftex.def)             Requested size: 140.27057pt x 236.56262pt.


pdfTeX warning: pdflatex.exe (file ./Chapters/Diamond Module/figures//fig03_nes
ted_outer/fig03_nested_outer.pdf): PDF inclusion: found PDF version <1.7>, but 
at most version <1.5> allowed
<Chapters/Diamond Module/figures//fig03_nested_outer/fig03_nested_outer.pdf, id
=942, 304.13625pt x 512.91624pt>
File: Chapters/Diamond Module/figures//fig03_nested_outer/fig03_nested_outer.pd
f Graphic file (type pdf)
<use Chapters/Diamond Module/figures//fig03_nested_outer/fig03_nested_outer.pdf
>
Package pdftex.def Info: Chapters/Diamond Module/figures//fig03_nested_outer/fi
g03_nested_outer.pdf  used on input line 393.
(pdftex.def)             Requested size: 148.52364pt x 250.4859pt.

Package fancyhdr Warning: \headheight is too small (12.0pt): 
(fancyhdr)                Make it at least 27.11469pt, for example:
(fancyhdr)                \setlength{\headheight}{27.11469pt}.
(fancyhdr)                You might also make \topmargin smaller:
(fancyhdr)                \addtolength{\topmargin}{-15.11469pt}.

[48 <./Chapters/Diamond Module/figures//fig01_atomic_diamond/fig01_atomic_diamo
nd.pdf>]

Package fancyhdr Warning: \headheight is too small (12.0pt): 
(fancyhdr)                Make it at least 14.49998pt, for example:
(fancyhdr)                \setlength{\headheight}{14.49998pt}.
(fancyhdr)                You might also make \topmargin smaller:
(fancyhdr)                \addtolength{\topmargin}{-2.49998pt}.

[49 <./Chapters/Diamond Module/figures//fig02_nested_full/fig02_nested_full.pdf
> <./Chapters/Diamond Module/figures//fig03_nested_outer/fig03_nested_outer.pdf


pdfTeX warning: pdflatex.exe (file ./Chapters/Diamond Module/figures//fig03_nes
ted_outer/fig03_nested_outer.pdf): PDF inclusion: multiple pdfs with page group
 included in a single page
>]

pdfTeX warning: pdflatex.exe (file ./Chapters/Diamond Module/figures//fig04_nes
ted_inner/fig04_nested_inner.pdf): PDF inclusion: found PDF version <1.7>, but 
at most version <1.5> allowed
<Chapters/Diamond Module/figures//fig04_nested_inner/fig04_nested_inner.pdf, id
=989, 304.13625pt x 580.1675pt>
File: Chapters/Diamond Module/figures//fig04_nested_inner/fig04_nested_inner.pd
f Graphic file (type pdf)
<use Chapters/Diamond Module/figures//fig04_nested_inner/fig04_nested_inner.pdf
>
Package pdftex.def Info: Chapters/Diamond Module/figures//fig04_nested_inner/fi
g04_nested_inner.pdf  used on input line 402.
(pdftex.def)             Requested size: 148.52364pt x 283.32846pt.


pdfTeX warning: pdflatex.exe (file ./Chapters/Diamond Module/figures//fig05_hie
rarchy/fig05_hierarchy.pdf): PDF inclusion: found PDF version <1.7>, but at mos
t version <1.5> allowed
<Chapters/Diamond Module/figures//fig05_hierarchy/fig05_hierarchy.pdf, id=993, 
385.44pt x 406.51875pt>
File: Chapters/Diamond Module/figures//fig05_hierarchy/fig05_hierarchy.pdf Grap
hic file (type pdf)
<use Chapters/Diamond Module/figures//fig05_hierarchy/fig05_hierarchy.pdf>
Package pdftex.def Info: Chapters/Diamond Module/figures//fig05_hierarchy/fig05
_hierarchy.pdf  used on input line 413.
(pdftex.def)             Requested size: 247.54149pt x 261.07674pt.

Package fancyhdr Warning: \headheight is too small (12.0pt): 
(fancyhdr)                Make it at least 27.11469pt, for example:
(fancyhdr)                \setlength{\headheight}{27.11469pt}.
(fancyhdr)                You might also make \topmargin smaller:
(fancyhdr)                \addtolength{\topmargin}{-15.11469pt}.

[50 <./Chapters/Diamond Module/figures//fig04_nested_inner/fig04_nested_inner.p
df>]
Overfull \hbox (12.68639pt too wide) in paragraph at lines 423--424
\T1/cmr/m/n/12 The mod-ule turns the graph ob-ject of Chapter [][]4[][] into tw
o struc-tures. \T1/cmtt/m/n/12 root_diamonds
 []

)

Package fancyhdr Warning: \headheight is too small (12.0pt): 
(fancyhdr)                Make it at least 14.49998pt, for example:
(fancyhdr)                \setlength{\headheight}{14.49998pt}.
(fancyhdr)                You might also make \topmargin smaller:
(fancyhdr)                \addtolength{\topmargin}{-2.49998pt}.

[51 <./Chapters/Diamond Module/figures//fig05_hierarchy/fig05_hierarchy.pdf>]
Chapter 6.
[52



]
Chapter 7.
[53

]
\openout2 = `"Chapters/Flow Toolkit/Flow Capacity Chapter.aux"'.

 (Chapters/Flow Toolkit/Flow Capacity Chapter.tex

Package fancyhdr Warning: \headheight is too small (12.0pt): 
(fancyhdr)                Make it at least 27.11469pt, for example:
(fancyhdr)                \setlength{\headheight}{27.11469pt}.
(fancyhdr)                You might also make \topmargin smaller:
(fancyhdr)                \addtolength{\topmargin}{-15.11469pt}.

[54

]

pdfTeX warning: pdflatex.exe (file ./Chapters/Flow Toolkit/figures//toy_siso_sy
mbolic.pdf): PDF inclusion: found PDF version <1.7>, but at most version <1.5> 
allowed
<Chapters/Flow Toolkit/figures//toy_siso_symbolic.pdf, id=1064, 373.395pt x 162
.6075pt>
File: Chapters/Flow Toolkit/figures//toy_siso_symbolic.pdf Graphic file (type p
df)
<use Chapters/Flow Toolkit/figures//toy_siso_symbolic.pdf>
Package pdftex.def Info: Chapters/Flow Toolkit/figures//toy_siso_symbolic.pdf  
used on input line 85.
(pdftex.def)             Requested size: 288.79422pt x 125.77138pt.

Package fancyhdr Warning: \headheight is too small (12.0pt): 
(fancyhdr)                Make it at least 14.49998pt, for example:
(fancyhdr)                \setlength{\headheight}{14.49998pt}.
(fancyhdr)                You might also make \topmargin smaller:
(fancyhdr)                \addtolength{\topmargin}{-2.49998pt}.

[55 <./Chapters/Flow Toolkit/figures//toy_siso_symbolic.pdf>]

pdfTeX warning: pdflatex.exe (file ./Chapters/Flow Toolkit/figures//msss_origin
al.pdf): PDF inclusion: found PDF version <1.7>, but at most version <1.5> allo
wed
<Chapters/Flow Toolkit/figures//msss_original.pdf, id=1080, 364.36125pt x 178.6
675pt>
File: Chapters/Flow Toolkit/figures//msss_original.pdf Graphic file (type pdf)
<use Chapters/Flow Toolkit/figures//msss_original.pdf>
Package pdftex.def Info: Chapters/Flow Toolkit/figures//msss_original.pdf  used
 on input line 130.
(pdftex.def)             Requested size: 193.90604pt x 95.08316pt.


pdfTeX warning: pdflatex.exe (file ./Chapters/Flow Toolkit/figures//msss_super_
reduction.pdf): PDF inclusion: found PDF version <1.7>, but at most version <1.
5> allowed
<Chapters/Flow Toolkit/figures//msss_super_reduction.pdf, id=1081, 516.93124pt 
x 162.6075pt>
File: Chapters/Flow Toolkit/figures//msss_super_reduction.pdf Graphic file (typ
e pdf)
<use Chapters/Flow Toolkit/figures//msss_super_reduction.pdf>
Package pdftex.def Info: Chapters/Flow Toolkit/figures//msss_super_reduction.pd
f  used on input line 136.
(pdftex.def)             Requested size: 193.90604pt x 60.99503pt.

Underfull \hbox (badness 1242) in paragraph at lines 137--137
[]\T1/cmr/m/n/10.95 (b) |Equi-val-ent super-source/super-sink
 []


Package fancyhdr Warning: \headheight is too small (12.0pt): 
(fancyhdr)                Make it at least 27.11469pt, for example:
(fancyhdr)                \setlength{\headheight}{27.11469pt}.
(fancyhdr)                You might also make \topmargin smaller:
(fancyhdr)                \addtolength{\topmargin}{-15.11469pt}.

[56]
Underfull \vbox (badness 4279) has occurred while \output is active []



Package fancyhdr Warning: \headheight is too small (12.0pt): 
(fancyhdr)                Make it at least 14.49998pt, for example:
(fancyhdr)                \setlength{\headheight}{14.49998pt}.
(fancyhdr)                You might also make \topmargin smaller:
(fancyhdr)                \addtolength{\topmargin}{-2.49998pt}.

[57 <./Chapters/Flow Toolkit/figures//msss_original.pdf> <./Chapters/Flow Toolk
it/figures//msss_super_reduction.pdf

pdfTeX warning: pdflatex.exe (file ./Chapters/Flow Toolkit/figures//msss_super_
reduction.pdf): PDF inclusion: multiple pdfs with page group included in a sing
le page
>]

pdfTeX warning: pdflatex.exe (file ./Chapters/Flow Toolkit/figures//nodecap_ori
ginal.pdf): PDF inclusion: found PDF version <1.7>, but at most version <1.5> a
llowed
<Chapters/Flow Toolkit/figures//nodecap_original.pdf, id=1121, 403.5075pt x 179
.67125pt>
File: Chapters/Flow Toolkit/figures//nodecap_original.pdf Graphic file (type pd
f)
<use Chapters/Flow Toolkit/figures//nodecap_original.pdf>
Package pdftex.def Info: Chapters/Flow Toolkit/figures//nodecap_original.pdf  u
sed on input line 191.
(pdftex.def)             Requested size: 193.90604pt x 86.3399pt.


pdfTeX warning: pdflatex.exe (file ./Chapters/Flow Toolkit/figures//nodecap_spl
it_equivalent.pdf): PDF inclusion: found PDF version <1.7>, but at most version
 <1.5> allowed
<Chapters/Flow Toolkit/figures//nodecap_split_equivalent.pdf, id=1122, 566.115p
t x 160.6pt>
File: Chapters/Flow Toolkit/figures//nodecap_split_equivalent.pdf Graphic file 
(type pdf)
<use Chapters/Flow Toolkit/figures//nodecap_split_equivalent.pdf>
Package pdftex.def Info: Chapters/Flow Toolkit/figures//nodecap_split_equivalen
t.pdf  used on input line 197.
(pdftex.def)             Requested size: 193.90604pt x 55.00761pt.

Underfull \hbox (badness 10000) in paragraph at lines 198--198
[]\T1/cmr/m/n/10.95 (b) |Equi-val-ent node-split edge-
 []


Package fancyhdr Warning: \headheight is too small (12.0pt): 
(fancyhdr)                Make it at least 27.11469pt, for example:
(fancyhdr)                \setlength{\headheight}{27.11469pt}.
(fancyhdr)                You might also make \topmargin smaller:
(fancyhdr)                \addtolength{\topmargin}{-15.11469pt}.

[58 <./Chapters/Flow Toolkit/figures//nodecap_original.pdf> <./Chapters/Flow To
olkit/figures//nodecap_split_equivalent.pdf

pdfTeX warning: pdflatex.exe (file ./Chapters/Flow Toolkit/figures//nodecap_spl
it_equivalent.pdf): PDF inclusion: multiple pdfs with page group included in a 
single page
>]

Package fancyhdr Warning: \headheight is too small (12.0pt): 
(fancyhdr)                Make it at least 14.49998pt, for example:
(fancyhdr)                \setlength{\headheight}{14.49998pt}.
(fancyhdr)                You might also make \topmargin smaller:
(fancyhdr)                \addtolength{\topmargin}{-2.49998pt}.

[59]

pdfTeX warning: pdflatex.exe (file ./Chapters/Flow Toolkit/figures//flow_toolki
t_workflow.pdf): PDF inclusion: found PDF version <1.7>, but at most version <1
.5> allowed
<Chapters/Flow Toolkit/figures//flow_toolkit_workflow.pdf, id=1159, 915.42pt x 
723.70375pt>
File: Chapters/Flow Toolkit/figures//flow_toolkit_workflow.pdf Graphic file (ty
pe pdf)
<use Chapters/Flow Toolkit/figures//flow_toolkit_workflow.pdf>
Package pdftex.def Info: Chapters/Flow Toolkit/figures//flow_toolkit_workflow.p
df  used on input line 235.
(pdftex.def)             Requested size: 533.3884pt x 421.67413pt.

Overfull \hbox (120.82343pt too wide) in paragraph at lines 235--236
 [][] 
 []


Package fancyhdr Warning: \headheight is too small (12.0pt): 
(fancyhdr)                Make it at least 27.11469pt, for example:
(fancyhdr)                \setlength{\headheight}{27.11469pt}.
(fancyhdr)                You might also make \topmargin smaller:
(fancyhdr)                \addtolength{\topmargin}{-15.11469pt}.

[60

 <./Chapters/Flow Toolkit/figures//flow_toolkit_workflow.pdf>]

LaTeX Warning: `h' float specifier changed to `ht'.


Package fancyhdr Warning: \headheight is too small (12.0pt): 
(fancyhdr)                Make it at least 14.49998pt, for example:
(fancyhdr)                \setlength{\headheight}{14.49998pt}.
(fancyhdr)                You might also make \topmargin smaller:
(fancyhdr)                \addtolength{\topmargin}{-2.49998pt}.

[61

]
Overfull \hbox (4.7415pt too wide) in paragraph at lines 331--332
 []\T1/cmr/bx/n/12 Edmonds-Karp.[] \T1/cmr/m/n/12 The Edmonds-Karp solver uses 
a re-peated breadth-first search
 []


Overfull \hbox (3.87502pt too wide) in paragraph at lines 334--335
 []\T1/cmr/bx/n/12 Dinic.[] \T1/cmr/m/n/12 To avoid the one-path-at-a-time lim-
it-a-tion of the Edmonds-Karp method,
 []


Package fancyhdr Warning: \headheight is too small (12.0pt): 
(fancyhdr)                Make it at least 27.11469pt, for example:
(fancyhdr)                \setlength{\headheight}{27.11469pt}.
(fancyhdr)                You might also make \topmargin smaller:
(fancyhdr)                \addtolength{\topmargin}{-15.11469pt}.

[62]

Package fancyhdr Warning: \headheight is too small (12.0pt): 
(fancyhdr)                Make it at least 14.49998pt, for example:
(fancyhdr)                \setlength{\headheight}{14.49998pt}.
(fancyhdr)                You might also make \topmargin smaller:
(fancyhdr)                \addtolength{\topmargin}{-2.49998pt}.

[63]

Package fancyhdr Warning: \headheight is too small (12.0pt): 
(fancyhdr)                Make it at least 27.11469pt, for example:
(fancyhdr)                \setlength{\headheight}{27.11469pt}.
(fancyhdr)                You might also make \topmargin smaller:
(fancyhdr)                \addtolength{\topmargin}{-15.11469pt}.

[64]

Package fancyhdr Warning: \headheight is too small (12.0pt): 
(fancyhdr)                Make it at least 14.49998pt, for example:
(fancyhdr)                \setlength{\headheight}{14.49998pt}.
(fancyhdr)                You might also make \topmargin smaller:
(fancyhdr)                \addtolength{\topmargin}{-2.49998pt}.

[65]
Overfull \hbox (15.88853pt too wide) in paragraph at lines 456--459
[]\T1/cmr/bx/n/12 Motivating ques-tion: \T1/cmr/m/it/12 ``Which edges most con-
strain de-liv-er-able through-
 []


Package fancyhdr Warning: \headheight is too small (12.0pt): 
(fancyhdr)                Make it at least 27.11469pt, for example:
(fancyhdr)                \setlength{\headheight}{27.11469pt}.
(fancyhdr)                You might also make \topmargin smaller:
(fancyhdr)                \addtolength{\topmargin}{-15.11469pt}.

[66]

Package fancyhdr Warning: \headheight is too small (12.0pt): 
(fancyhdr)                Make it at least 14.49998pt, for example:
(fancyhdr)                \setlength{\headheight}{14.49998pt}.
(fancyhdr)                You might also make \topmargin smaller:
(fancyhdr)                \addtolength{\topmargin}{-2.49998pt}.

[67]

Package fancyhdr Warning: \headheight is too small (12.0pt): 
(fancyhdr)                Make it at least 27.11469pt, for example:
(fancyhdr)                \setlength{\headheight}{27.11469pt}.
(fancyhdr)                You might also make \topmargin smaller:
(fancyhdr)                \addtolength{\topmargin}{-15.11469pt}.

[68]

Package fancyhdr Warning: \headheight is too small (12.0pt): 
(fancyhdr)                Make it at least 14.49998pt, for example:
(fancyhdr)                \setlength{\headheight}{14.49998pt}.
(fancyhdr)                You might also make \topmargin smaller:
(fancyhdr)                \addtolength{\topmargin}{-2.49998pt}.

[69]

Package fancyhdr Warning: \headheight is too small (12.0pt): 
(fancyhdr)                Make it at least 27.11469pt, for example:
(fancyhdr)                \setlength{\headheight}{27.11469pt}.
(fancyhdr)                You might also make \topmargin smaller:
(fancyhdr)                \addtolength{\topmargin}{-15.11469pt}.

[70]

Package fancyhdr Warning: \headheight is too small (12.0pt): 
(fancyhdr)                Make it at least 14.49998pt, for example:
(fancyhdr)                \setlength{\headheight}{14.49998pt}.
(fancyhdr)                You might also make \topmargin smaller:
(fancyhdr)                \addtolength{\topmargin}{-2.49998pt}.

[71]
Overfull \hbox (21.77359pt too wide) in alignment at lines 628--632
 [] [] [] 
 []


Overfull \hbox (21.77359pt too wide) in alignment at lines 632--636
 [] [] [] 
 []


Overfull \hbox (21.77359pt too wide) in alignment at lines 636--638
 [] [] [] 
 []


Underfull \hbox (badness 1097) in paragraph at lines 653--654
[]|\T1/cmr/m/n/12 Nodes whose through-flow reaches the
 []


Underfull \hbox (badness 3690) in paragraph at lines 663--663
[]|\T1/cmr/m/n/12 Source-to-sink paths $\OMS/cmsy/m/n/12 P$\T1/cmr/m/n/12 , bou
nded by
 []


Underfull \hbox (badness 10000) in paragraph at lines 664--664
[]|\T1/cmr/m/n/12 Per-path bot-tle-neck flow $\OML/cmm/m/it/12 ^^^\OT1/cmr/m/n/
12 (\OML/cmm/m/it/12 P\OT1/cmr/m/n/12 ) =
 []


Underfull \hbox (badness 4699) in paragraph at lines 664--664
[][] \OML/cmm/m/it/12 f[]$ \T1/cmr/m/n/12 ranked in des-cend-ing or-
 []


Underfull \hbox (badness 10000) in paragraph at lines 668--668
[]|\T1/cmr/m/n/12 Total range of in-flu-ence $\OMS/cmsy/m/n/12 B[] \OT1/cmr/m/n
/12 =
 []


Underfull \hbox (badness 10000) in paragraph at lines 668--668
\OML/cmm/m/it/12 F[]\OT1/cmr/m/n/12 (\OML/cmm/m/it/12 G; c[]\OT1/cmr/m/n/12 ) \
OMS/cmsy/m/n/12 ^^@ \OML/cmm/m/it/12 F[]\OT1/cmr/m/n/12 (\OML/cmm/m/it/12 G; c[
]\OT1/cmr/m/n/12 )$ \T1/cmr/m/n/12 for each
 []


Underfull \hbox (badness 5637) in paragraph at lines 672--672
[]|\T1/cmr/m/n/12 All $\OML/cmm/m/it/12 k$\T1/cmr/m/n/12 -edge com-bin-a-tions 
from $\OML/cmm/m/it/12 E[]$
 []


Underfull \hbox (badness 1137) in paragraph at lines 676--676
\T1/cmr/m/n/12 with \T1/cmtt/m/n/12 upgrade_ineffective \T1/cmr/m/n/12 flag whe
re
 []


Overfull \hbox (3.48534pt too wide) in paragraph at lines 678--678
[]|\T1/cmtt/m/n/12 param_baseline_flow|  
 []


Overfull \hbox (21.77359pt too wide) in alignment at lines 638--681
 [] [] [] 
 []


Package fancyhdr Warning: \headheight is too small (12.0pt): 
(fancyhdr)                Make it at least 27.11469pt, for example:
(fancyhdr)                \setlength{\headheight}{27.11469pt}.
(fancyhdr)                You might also make \topmargin smaller:
(fancyhdr)                \addtolength{\topmargin}{-15.11469pt}.

[72]

Package fancyhdr Warning: \headheight is too small (12.0pt): 
(fancyhdr)                Make it at least 14.49998pt, for example:
(fancyhdr)                \setlength{\headheight}{14.49998pt}.
(fancyhdr)                You might also make \topmargin smaller:
(fancyhdr)                \addtolength{\topmargin}{-2.49998pt}.

[73]

Package fancyhdr Warning: \headheight is too small (12.0pt): 
(fancyhdr)                Make it at least 27.11469pt, for example:
(fancyhdr)                \setlength{\headheight}{27.11469pt}.
(fancyhdr)                You might also make \topmargin smaller:
(fancyhdr)                \addtolength{\topmargin}{-15.11469pt}.

[74]

Package fancyhdr Warning: \headheight is too small (12.0pt): 
(fancyhdr)                Make it at least 14.49998pt, for example:
(fancyhdr)                \setlength{\headheight}{14.49998pt}.
(fancyhdr)                You might also make \topmargin smaller:
(fancyhdr)                \addtolength{\topmargin}{-2.49998pt}.

[75

]

Package fancyhdr Warning: \headheight is too small (12.0pt): 
(fancyhdr)                Make it at least 27.11469pt, for example:
(fancyhdr)                \setlength{\headheight}{27.11469pt}.
(fancyhdr)                You might also make \topmargin smaller:
(fancyhdr)                \addtolength{\topmargin}{-15.11469pt}.

[76]

Package fancyhdr Warning: \headheight is too small (12.0pt): 
(fancyhdr)                Make it at least 14.49998pt, for example:
(fancyhdr)                \setlength{\headheight}{14.49998pt}.
(fancyhdr)                You might also make \topmargin smaller:
(fancyhdr)                \addtolength{\topmargin}{-2.49998pt}.

[77]

pdfTeX warning: pdflatex.exe (file ./Chapters/Flow Toolkit/figures//critical_ov
erlay_config_a.pdf): PDF inclusion: found PDF version <1.7>, but at most versio
n <1.5> allowed
<Chapters/Flow Toolkit/figures//critical_overlay_config_a.pdf, id=1286, 1204.5p
t x 611.28375pt>
File: Chapters/Flow Toolkit/figures//critical_overlay_config_a.pdf Graphic file
 (type pdf)
<use Chapters/Flow Toolkit/figures//critical_overlay_config_a.pdf>
Package pdftex.def Info: Chapters/Flow Toolkit/figures//critical_overlay_config
_a.pdf  used on input line 780.
(pdftex.def)             Requested size: 412.56497pt x 209.37274pt.
<Chapters/Flow Toolkit/figures//critical_bars_config_ab.pdf, id=1287, 563.70598
pt x 419.166pt>
File: Chapters/Flow Toolkit/figures//critical_bars_config_ab.pdf Graphic file (
type pdf)
<use Chapters/Flow Toolkit/figures//critical_bars_config_ab.pdf>
Package pdftex.def Info: Chapters/Flow Toolkit/figures//critical_bars_config_ab
.pdf  used on input line 789.
(pdftex.def)             Requested size: 412.56497pt x 306.78813pt.

Package fancyhdr Warning: \headheight is too small (12.0pt): 
(fancyhdr)                Make it at least 27.11469pt, for example:
(fancyhdr)                \setlength{\headheight}{27.11469pt}.
(fancyhdr)                You might also make \topmargin smaller:
(fancyhdr)                \addtolength{\topmargin}{-15.11469pt}.

[78]

Package fancyhdr Warning: \headheight is too small (12.0pt): 
(fancyhdr)                Make it at least 14.49998pt, for example:
(fancyhdr)                \setlength{\headheight}{14.49998pt}.
(fancyhdr)                You might also make \topmargin smaller:
(fancyhdr)                \addtolength{\topmargin}{-2.49998pt}.

[79 <./Chapters/Flow Toolkit/figures//critical_overlay_config_a.pdf> <./Chapter
s/Flow Toolkit/figures//critical_bars_config_ab.pdf>]
Overfull \hbox (19.28786pt too wide) in paragraph at lines 813--814
\OT1/cmr/m/n/12 (135 \OMS/cmsy/m/n/12 ! \OT1/cmr/m/n/12 136)$ \T1/cmr/m/n/12 ar
e upgrade-ineffective (\T1/cmtt/m/n/12 required_capacity $\OT1/cmr/m/n/12 = \OM
S/cmsy/m/n/12 1$\T1/cmr/m/n/12 , \T1/cmtt/m/n/12 ineffective\T1/cmr/m/n/12 =\T1
/cmtt/m/n/12 true\T1/cmr/m/n/12 )
 []



pdfTeX warning: pdflatex.exe (file ./Chapters/Flow Toolkit/figures//flagship_ne
twork_a.pdf): PDF inclusion: found PDF version <1.7>, but at most version <1.5>
 allowed
<Chapters/Flow Toolkit/figures//flagship_network_a.pdf, id=1346, 1211.52625pt x
 606.265pt>
File: Chapters/Flow Toolkit/figures//flagship_network_a.pdf Graphic file (type 
pdf)
<use Chapters/Flow Toolkit/figures//flagship_network_a.pdf>
Package pdftex.def Info: Chapters/Flow Toolkit/figures//flagship_network_a.pdf 
 used on input line 842.
(pdftex.def)             Requested size: 412.56497pt x 206.45114pt.


pdfTeX warning: pdflatex.exe (file ./Chapters/Flow Toolkit/figures//flagship_ne
twork_b.pdf): PDF inclusion: found PDF version <1.7>, but at most version <1.5>
 allowed
<Chapters/Flow Toolkit/figures//flagship_network_b.pdf, id=1347, 1211.52625pt x
 606.265pt>
File: Chapters/Flow Toolkit/figures//flagship_network_b.pdf Graphic file (type 
pdf)
<use Chapters/Flow Toolkit/figures//flagship_network_b.pdf>
Package pdftex.def Info: Chapters/Flow Toolkit/figures//flagship_network_b.pdf 
 used on input line 853.
(pdftex.def)             Requested size: 412.56497pt x 206.45114pt.
<Chapters/Flow Toolkit/figures//sensitivity_ranking_ab.pdf, id=1348, 975.645pt 
x 404.712pt>
File: Chapters/Flow Toolkit/figures//sensitivity_ranking_ab.pdf Graphic file (t
ype pdf)
<use Chapters/Flow Toolkit/figures//sensitivity_ranking_ab.pdf>
Package pdftex.def Info: Chapters/Flow Toolkit/figures//sensitivity_ranking_ab.
pdf  used on input line 872.
(pdftex.def)             Requested size: 506.01337pt x 209.90184pt.

Overfull \hbox (93.4484pt too wide) in paragraph at lines 868--873
 [][] 
 []

<Chapters/Flow Toolkit/figures//degradation_trajectory.pdf, id=1349, 578.16pt x
 332.44202pt>
File: Chapters/Flow Toolkit/figures//degradation_trajectory.pdf Graphic file (t
ype pdf)
<use Chapters/Flow Toolkit/figures//degradation_trajectory.pdf>
Package pdftex.def Info: Chapters/Flow Toolkit/figures//degradation_trajectory.
pdf  used on input line 883.
(pdftex.def)             Requested size: 506.00343pt x 290.95198pt.

Overfull \hbox (93.43846pt too wide) in paragraph at lines 879--884
 [][] 
 []

<Chapters/Flow Toolkit/figures//sink_flow_heatmap.pdf, id=1350, 520.34402pt x 3
61.35pt>
File: Chapters/Flow Toolkit/figures//sink_flow_heatmap.pdf Graphic file (type p
df)
<use Chapters/Flow Toolkit/figures//sink_flow_heatmap.pdf>
Package pdftex.def Info: Chapters/Flow Toolkit/figures//sink_flow_heatmap.pdf  
used on input line 894.
(pdftex.def)             Requested size: 475.27643pt x 330.05307pt.

Overfull \hbox (62.71146pt too wide) in paragraph at lines 890--895
 [][] 
 []


Package fancyhdr Warning: \headheight is too small (12.0pt): 
(fancyhdr)                Make it at least 27.11469pt, for example:
(fancyhdr)                \setlength{\headheight}{27.11469pt}.
(fancyhdr)                You might also make \topmargin smaller:
(fancyhdr)                \addtolength{\topmargin}{-15.11469pt}.

[80]

Package fancyhdr Warning: \headheight is too small (12.0pt): 
(fancyhdr)                Make it at least 14.49998pt, for example:
(fancyhdr)                \setlength{\headheight}{14.49998pt}.
(fancyhdr)                You might also make \topmargin smaller:
(fancyhdr)                \addtolength{\topmargin}{-2.49998pt}.

[81]

Package fancyhdr Warning: \headheight is too small (12.0pt): 
(fancyhdr)                Make it at least 27.11469pt, for example:
(fancyhdr)                \setlength{\headheight}{27.11469pt}.
(fancyhdr)                You might also make \topmargin smaller:
(fancyhdr)                \addtolength{\topmargin}{-15.11469pt}.

[82 <./Chapters/Flow Toolkit/figures//flagship_network_a.pdf> <./Chapters/Flow 
Toolkit/figures//flagship_network_b.pdf

pdfTeX warning: pdflatex.exe (file ./Chapters/Flow Toolkit/figures//flagship_ne
twork_b.pdf): PDF inclusion: multiple pdfs with page group included in a single
 page
>]

Package fancyhdr Warning: \headheight is too small (12.0pt): 
(fancyhdr)                Make it at least 14.49998pt, for example:
(fancyhdr)                \setlength{\headheight}{14.49998pt}.
(fancyhdr)                You might also make \topmargin smaller:
(fancyhdr)                \addtolength{\topmargin}{-2.49998pt}.

[83 <./Chapters/Flow Toolkit/figures//sensitivity_ranking_ab.pdf> <./Chapters/F
low Toolkit/figures//degradation_trajectory.pdf>]

Package fancyhdr Warning: \headheight is too small (12.0pt): 
(fancyhdr)                Make it at least 27.11469pt, for example:
(fancyhdr)                \setlength{\headheight}{27.11469pt}.
(fancyhdr)                You might also make \topmargin smaller:
(fancyhdr)                \addtolength{\topmargin}{-15.11469pt}.

[84 <./Chapters/Flow Toolkit/figures//sink_flow_heatmap.pdf>] [85


]

Package fancyhdr Warning: \headheight is too small (12.0pt): 
(fancyhdr)                Make it at least 14.49998pt, for example:
(fancyhdr)                \setlength{\headheight}{14.49998pt}.
(fancyhdr)                You might also make \topmargin smaller:
(fancyhdr)                \addtolength{\topmargin}{-2.49998pt}.

[86] [87


]
Overfull \hbox (44.52211pt too wide) in paragraph at lines 973--994
 [][] 
 []


Overfull \hbox (44.52211pt too wide) in paragraph at lines 1000--1009
 [][] 
 []

)

Package fancyhdr Warning: \headheight is too small (12.0pt): 
(fancyhdr)                Make it at least 14.49998pt, for example:
(fancyhdr)                \setlength{\headheight}{14.49998pt}.
(fancyhdr)                You might also make \topmargin smaller:
(fancyhdr)                \addtolength{\topmargin}{-2.49998pt}.

[88]
Chapter 8.
[89



]
\openout2 = `"Chapters/CPM module/Critical_Path_Chapter.aux"'.

 (Chapters/CPM module/Critical_Path_Chapter.tex

Package fancyhdr Warning: \headheight is too small (12.0pt): 
(fancyhdr)                Make it at least 27.11469pt, for example:
(fancyhdr)                \setlength{\headheight}{27.11469pt}.
(fancyhdr)                You might also make \topmargin smaller:
(fancyhdr)                \addtolength{\topmargin}{-15.11469pt}.

[90

]

Package fancyhdr Warning: \headheight is too small (12.0pt): 
(fancyhdr)                Make it at least 14.49998pt, for example:
(fancyhdr)                \setlength{\headheight}{14.49998pt}.
(fancyhdr)                You might also make \topmargin smaller:
(fancyhdr)                \addtolength{\topmargin}{-2.49998pt}.

[91]

pdfTeX warning: pdflatex.exe (file ./Chapters/CPM module/figures//fig01_example
/fig01_example.pdf): PDF inclusion: found PDF version <1.7>, but at most versio
n <1.5> allowed
<Chapters/CPM module/figures//fig01_example/fig01_example.pdf, id=1565, 255.956
25pt x 346.29375pt>
File: Chapters/CPM module/figures//fig01_example/fig01_example.pdf Graphic file
 (type pdf)
<use Chapters/CPM module/figures//fig01_example/fig01_example.pdf>
Package pdftex.def Info: Chapters/CPM module/figures//fig01_example/fig01_examp
le.pdf  used on input line 192.
(pdftex.def)             Requested size: 123.77074pt x 167.45557pt.

Package fancyhdr Warning: \headheight is too small (12.0pt): 
(fancyhdr)                Make it at least 27.11469pt, for example:
(fancyhdr)                \setlength{\headheight}{27.11469pt}.
(fancyhdr)                You might also make \topmargin smaller:
(fancyhdr)                \addtolength{\topmargin}{-15.11469pt}.

[92]
Underfull \vbox (badness 10000) has occurred while \output is active []



Package fancyhdr Warning: \headheight is too small (12.0pt): 
(fancyhdr)                Make it at least 14.49998pt, for example:
(fancyhdr)                \setlength{\headheight}{14.49998pt}.
(fancyhdr)                You might also make \topmargin smaller:
(fancyhdr)                \addtolength{\topmargin}{-2.49998pt}.

[93 <./Chapters/CPM module/figures//fig01_example/fig01_example.pdf>]
Overfull \hbox (123.93134pt too wide) detected at line 291
\OML/cmm/m/it/12 H[]  \OT1/cmr/m/n/12 =  \OMS/cmsy/m/n/12 f \OML/cmm/m/it/12 u 
\OT1/cmr/m/n/12 : []\OML/cmm/m/it/12 u[]v; []u[]v \OMS/cmsy/m/n/12 g\OML/cmm/m/
it/12 ;
 []



pdfTeX warning: pdflatex.exe (file ./Chapters/CPM module/figures//fig02_bypass/
fig02_bypass.pdf): PDF inclusion: found PDF version <1.7>, but at most version 
<1.5> allowed
<Chapters/CPM module/figures//fig02_bypass/fig02_bypass.pdf, id=1584, 373.395pt
 x 521.95pt>
File: Chapters/CPM module/figures//fig02_bypass/fig02_bypass.pdf Graphic file (
type pdf)
<use Chapters/CPM module/figures//fig02_bypass/fig02_bypass.pdf>
Package pdftex.def Info: Chapters/CPM module/figures//fig02_bypass/fig02_bypass
.pdf  used on input line 297.
(pdftex.def)             Requested size: 206.28249pt x 288.34767pt.

Package fancyhdr Warning: \headheight is too small (12.0pt): 
(fancyhdr)                Make it at least 27.11469pt, for example:
(fancyhdr)                \setlength{\headheight}{27.11469pt}.
(fancyhdr)                You might also make \topmargin smaller:
(fancyhdr)                \addtolength{\topmargin}{-15.11469pt}.

[94]

Package fancyhdr Warning: \headheight is too small (12.0pt): 
(fancyhdr)                Make it at least 14.49998pt, for example:
(fancyhdr)                \setlength{\headheight}{14.49998pt}.
(fancyhdr)                You might also make \topmargin smaller:
(fancyhdr)                \addtolength{\topmargin}{-2.49998pt}.

[95 <./Chapters/CPM module/figures//fig02_bypass/fig02_bypass.pdf>]

pdfTeX warning: pdflatex.exe (file ./Chapters/CPM module/figures//fig03_npatter
n/fig03_npattern.pdf): PDF inclusion: found PDF version <1.7>, but at most vers
ion <1.5> allowed
<Chapters/CPM module/figures//fig03_npattern/fig03_npattern.pdf, id=1611, 238.8
925pt x 224.84pt>
File: Chapters/CPM module/figures//fig03_npattern/fig03_npattern.pdf Graphic fi
le (type pdf)
<use Chapters/CPM module/figures//fig03_npattern/fig03_npattern.pdf>
Package pdftex.def Info: Chapters/CPM module/figures//fig03_npattern/fig03_npat
tern.pdf  used on input line 359.
(pdftex.def)             Requested size: 132.0238pt x 124.2559pt.

Package fancyhdr Warning: \headheight is too small (12.0pt): 
(fancyhdr)                Make it at least 27.11469pt, for example:
(fancyhdr)                \setlength{\headheight}{27.11469pt}.
(fancyhdr)                You might also make \topmargin smaller:
(fancyhdr)                \addtolength{\topmargin}{-15.11469pt}.

[96]

pdfTeX warning: pdflatex.exe (file ./Chapters/CPM module/figures//fig04_chains/
fig04_chains.pdf): PDF inclusion: found PDF version <1.7>, but at most version 
<1.5> allowed
<Chapters/CPM module/figures//fig04_chains/fig04_chains.pdf, id=1621, 469.755pt
 x 342.27875pt>
File: Chapters/CPM module/figures//fig04_chains/fig04_chains.pdf Graphic file (
type pdf)
<use Chapters/CPM module/figures//fig04_chains/fig04_chains.pdf>
Package pdftex.def Info: Chapters/CPM module/figures//fig04_chains/fig04_chains
.pdf  used on input line 398.
(pdftex.def)             Requested size: 379.559pt x 276.56007pt.

Package fancyhdr Warning: \headheight is too small (12.0pt): 
(fancyhdr)                Make it at least 14.49998pt, for example:
(fancyhdr)                \setlength{\headheight}{14.49998pt}.
(fancyhdr)                You might also make \topmargin smaller:
(fancyhdr)                \addtolength{\topmargin}{-2.49998pt}.

[97 <./Chapters/CPM module/figures//fig03_npattern/fig03_npattern.pdf>]

Package fancyhdr Warning: \headheight is too small (12.0pt): 
(fancyhdr)                Make it at least 27.11469pt, for example:
(fancyhdr)                \setlength{\headheight}{27.11469pt}.
(fancyhdr)                You might also make \topmargin smaller:
(fancyhdr)                \addtolength{\topmargin}{-15.11469pt}.

[98 <./Chapters/CPM module/figures//fig04_chains/fig04_chains.pdf>]
<Chapters/CPM module/figures//fig06_floats/fig06_floats.pdf, id=1649, 298.86154
pt x 267.50339pt>
File: Chapters/CPM module/figures//fig06_floats/fig06_floats.pdf Graphic file (
type pdf)
<use Chapters/CPM module/figures//fig06_floats/fig06_floats.pdf>
Package pdftex.def Info: Chapters/CPM module/figures//fig06_floats/fig06_floats
.pdf  used on input line 478.
(pdftex.def)             Requested size: 338.30629pt x 302.82632pt.


Package fancyhdr Warning: \headheight is too small (12.0pt): 
(fancyhdr)                Make it at least 14.49998pt, for example:
(fancyhdr)                \setlength{\headheight}{14.49998pt}.
(fancyhdr)                You might also make \topmargin smaller:
(fancyhdr)                \addtolength{\topmargin}{-2.49998pt}.

[99]

Package fancyhdr Warning: \headheight is too small (12.0pt): 
(fancyhdr)                Make it at least 27.11469pt, for example:
(fancyhdr)                \setlength{\headheight}{27.11469pt}.
(fancyhdr)                You might also make \topmargin smaller:
(fancyhdr)                \addtolength{\topmargin}{-15.11469pt}.

[100 <./Chapters/CPM module/figures//fig06_floats/fig06_floats.pdf>]
<Chapters/CPM module/figures//fig05_service/fig05_service.pdf, id=1674, 329.962
75pt x 207.61264pt>
File: Chapters/CPM module/figures//fig05_service/fig05_service.pdf Graphic file
 (type pdf)
<use Chapters/CPM module/figures//fig05_service/fig05_service.pdf>
Package pdftex.def Info: Chapters/CPM module/figures//fig05_service/fig05_servi
ce.pdf  used on input line 547.
(pdftex.def)             Requested size: 321.80017pt x 202.48961pt.


Package fancyhdr Warning: \headheight is too small (12.0pt): 
(fancyhdr)                Make it at least 14.49998pt, for example:
(fancyhdr)                \setlength{\headheight}{14.49998pt}.
(fancyhdr)                You might also make \topmargin smaller:
(fancyhdr)                \addtolength{\topmargin}{-2.49998pt}.

[101]
Underfull \vbox (badness 1946) has occurred while \output is active []



Package fancyhdr Warning: \headheight is too small (12.0pt): 
(fancyhdr)                Make it at least 27.11469pt, for example:
(fancyhdr)                \setlength{\headheight}{27.11469pt}.
(fancyhdr)                You might also make \topmargin smaller:
(fancyhdr)                \addtolength{\topmargin}{-15.11469pt}.

[102 <./Chapters/CPM module/figures//fig05_service/fig05_service.pdf>])

Package fancyhdr Warning: \headheight is too small (12.0pt): 
(fancyhdr)                Make it at least 14.49998pt, for example:
(fancyhdr)                \setlength{\headheight}{14.49998pt}.
(fancyhdr)                You might also make \topmargin smaller:
(fancyhdr)                \addtolength{\topmargin}{-2.49998pt}.

[103]
Chapter 9.
[104



]
Chapter 10.
[105

]
Chapter 11.
[106

] (main.aux (Chapters/Network Model/Complex_Processes_Chapter.aux)
(Chapters/Input Module/Input Module Chapter.aux)
(Chapters/Diamond Module/Diamond_Decomposition_Chapter.aux)
(Chapters/Flow Toolkit/Flow Capacity Chapter.aux)
(Chapters/CPM module/Critical_Path_Chapter.aux))
Package rerunfilecheck Info: File `main.out' has not changed.
(rerunfilecheck)             Checksum: A876D14F9373520611D824B28D5CD82C;17518.
Package logreq Info: Writing requests to 'main.run.xml'.
\openout1 = `main.run.xml'.

 ) 
Here is how much of TeX's memory you used:
 38048 strings out of 478547
 758539 string characters out of 2841835
 1505027 words of memory out of 3000000
 55220 multiletter control sequences out of 15000+600000
 496008 words of font info for 95 fonts, out of 8000000 for 9000
 1141 hyphenation exceptions out of 8191
 84i,17n,80p,1409b,2380s stack positions out of 10000i,1000n,20000p,200000b,80000s

pdfTeX warning (dest): name{cite.0@valdes1982seriesparallel} has been reference
d but does not exist, replaced by a fixed one


pdfTeX warning (dest): name{cite.0@baccelli1992sync} has been referenced but do
es not exist, replaced by a fixed one


pdfTeX warning (dest): name{cite.0@fortin2010criticality} has been referenced b
ut does not exist, replaced by a fixed one


pdfTeX warning (dest): name{cite.0@dubois2005floats} has been referenced but do
es not exist, replaced by a fixed one


pdfTeX warning (dest): name{cite.0@chanas2003planar} has been referenced but do
es not exist, replaced by a fixed one


pdfTeX warning (dest): name{cite.0@chanas2002complexity} has been referenced bu
t does not exist, replaced by a fixed one


pdfTeX warning (dest): name{cite.0@malcolm1959pert} has been referenced but doe
s not exist, replaced by a fixed one


pdfTeX warning (dest): name{cite.0@kelley1959critical} has been referenced but 
does not exist, replaced by a fixed one


pdfTeX warning (dest): name{cite.0@birnbaum1969} has been referenced but does n
ot exist, replaced by a fixed one


pdfTeX warning (dest): name{cite.0@ford1962} has been referenced but does not e
xist, replaced by a fixed one


pdfTeX warning (dest): name{cite.0@ford1956} has been referenced but does not e
xist, replaced by a fixed one


pdfTeX warning (dest): name{cite.0@filliatre2006hashconsing} has been reference
d but does not exist, replaced by a fixed one


pdfTeX warning (dest): name{cite.0@ershov1958programming} has been referenced b
ut does not exist, replaced by a fixed one


pdfTeX warning (dest): name{cite.0@bryant1986graph} has been referenced but doe
s not exist, replaced by a fixed one


pdfTeX warning (dest): name{cite.0@goharshady2020treewidth} has been referenced
 but does not exist, replaced by a fixed one


pdfTeX warning (dest): name{cite.0@robertson1986graphminors} has been reference
d but does not exist, replaced by a fixed one


pdfTeX warning (dest): name{cite.0@wood1985polygon} has been referenced but doe
s not exist, replaced by a fixed one


pdfTeX warning (dest): name{cite.0@page1988practical} has been referenced but d
oes not exist, replaced by a fixed one


pdfTeX warning (dest): name{cite.0@moore1956reliable} has been referenced but d
oes not exist, replaced by a fixed one


pdfTeX warning (dest): name{cite.0@satyanarayana1985linear} has been referenced
 but does not exist, replaced by a fixed one


pdfTeX warning (dest): name{cite.0@perez2018sixty} has been referenced but does
 not exist, replaced by a fixed one


pdfTeX warning (dest): name{cite.0@buldyrev2010cascade} has been referenced but
 does not exist, replaced by a fixed one


pdfTeX warning (dest): name{cite.0@ouyang2014interdependent} has been reference
d but does not exist, replaced by a fixed one

 <C:\Users\ohian\AppData\Local\MiKTeX\fonts/pk/ljfour/jknappen/ec/dpi600\ecrm06
00.pk> <C:\Users\ohian\AppData\Local\MiKTeX\fonts/pk/ljfour/jknappen/ec/dpi600\
ecrm0700.pk> <C:\Users\ohian\AppData\Local\MiKTeX\fonts/pk/ljfour/jknappen/ec/d
pi600\ecrm0800.pk> <C:\Users\ohian\AppData\Local\MiKTeX\fonts/pk/ljfour/jknappe
n/ec/dpi600\ecit1200.pk> <C:\Users\ohian\AppData\Local\MiKTeX\fonts/pk/ljfour/j
knappen/ec/dpi600\ectt1440.pk> <C:\Users\ohian\AppData\Local\MiKTeX\fonts/pk/lj
four/jknappen/ec/dpi600\ecti1095.pk> <C:\Users\ohian\AppData\Local\MiKTeX\fonts
/pk/ljfour/jknappen/ec/dpi600\ecrm1000.pk> <C:\Users\ohian\AppData\Local\MiKTeX
\fonts/pk/ljfour/jknappen/ec/dpi600\tcrm1200.pk> <C:\Users\ohian\AppData\Local\
MiKTeX\fonts/pk/ljfour/jknappen/ec/dpi600\ectt1095.pk> <C:\Users\ohian\AppData\
Local\MiKTeX\fonts/pk/ljfour/jknappen/ec/dpi600\ecbx1095.pk> <C:\Users\ohian\Ap
pData\Local\MiKTeX\fonts/pk/ljfour/jknappen/ec/dpi600\ecrm1095.pk> <C:\Users\oh
ian\AppData\Local\MiKTeX\fonts/pk/ljfour/jknappen/ec/dpi600\ecti1200.pk> <C:\Us
ers\ohian\AppData\Local\MiKTeX\fonts/pk/ljfour/jknappen/ec/dpi600\ectt1200.pk> 
<C:\Users\ohian\AppData\Local\MiKTeX\fonts/pk/ljfour/jknappen/ec/dpi600\ecbx120
0.pk> <C:\Users\ohian\AppData\Local\MiKTeX\fonts/pk/ljfour/jknappen/ec/dpi600\e
crm1200.pk> <C:\Users\ohian\AppData\Local\MiKTeX\fonts/pk/ljfour/jknappen/ec/dp
i600\ecbx1440.pk> <C:\Users\ohian\AppData\Local\MiKTeX\fonts/pk/ljfour/jknappen
/ec/dpi600\ecrm1440.pk> <C:\Users\ohian\AppData\Local\MiKTeX\fonts/pk/ljfour/jk
nappen/ec/dpi600\ecbx1728.pk> <C:\Users\ohian\AppData\Local\MiKTeX\fonts/pk/ljf
our/jknappen/ec/dpi600\ecrm1728.pk> <C:\Users\ohian\AppData\Local\MiKTeX\fonts/
pk/ljfour/jknappen/ec/dpi600\ecbx2488.pk><C:/Users/ohian/AppData/Local/Programs
/MiKTeX/fonts/type1/public/amsfonts/cm/cmbx12.pfb><C:/Users/ohian/AppData/Local
/Programs/MiKTeX/fonts/type1/public/amsfonts/cm/cmex10.pfb><C:/Users/ohian/AppD
ata/Local/Programs/MiKTeX/fonts/type1/public/amsfonts/cm/cmmi10.pfb><C:/Users/o
hian/AppData/Local/Programs/MiKTeX/fonts/type1/public/amsfonts/cm/cmmi12.pfb><C
:/Users/ohian/AppData/Local/Programs/MiKTeX/fonts/type1/public/amsfonts/cm/cmmi
6.pfb><C:/Users/ohian/AppData/Local/Programs/MiKTeX/fonts/type1/public/amsfonts
/cm/cmmi8.pfb><C:/Users/ohian/AppData/Local/Programs/MiKTeX/fonts/type1/public/
amsfonts/cm/cmr10.pfb><C:/Users/ohian/AppData/Local/Programs/MiKTeX/fonts/type1
/public/amsfonts/cm/cmr12.pfb><C:/Users/ohian/AppData/Local/Programs/MiKTeX/fon
ts/type1/public/amsfonts/cm/cmr6.pfb><C:/Users/ohian/AppData/Local/Programs/MiK
TeX/fonts/type1/public/amsfonts/cm/cmr7.pfb><C:/Users/ohian/AppData/Local/Progr
ams/MiKTeX/fonts/type1/public/amsfonts/cm/cmr8.pfb><C:/Users/ohian/AppData/Loca
l/Programs/MiKTeX/fonts/type1/public/amsfonts/cm/cmr9.pfb><C:/Users/ohian/AppDa
ta/Local/Programs/MiKTeX/fonts/type1/public/amsfonts/cm/cmsy10.pfb><C:/Users/oh
ian/AppData/Local/Programs/MiKTeX/fonts/type1/public/amsfonts/cm/cmsy6.pfb><C:/
Users/ohian/AppData/Local/Programs/MiKTeX/fonts/type1/public/amsfonts/cm/cmsy8.
pfb><C:/Users/ohian/AppData/Local/Programs/MiKTeX/fonts/type1/public/amsfonts/s
ymbols/msbm10.pfb>
Output written on main.pdf (106 pages, 1300813 bytes).
PDF statistics:
 2634 PDF objects out of 2984 (max. 8388607)
 346 named destinations out of 1000 (max. 500000)
 820 words of extra memory for PDF output out of 10000 (max. 10000000)

